Brand,Model
Yadea,Yadea (Khác)
VinFast,VF 5
VinFast,VF 8
VinFast,VF 7
VinFast,VF 9
VinFast,Limo Green
Dibao,Gogo
VinFast,VF 6
VinFast,VF 3
VinFast,Feliz
VinFast,Vento
BYD,Dolphin
VinFast,Klara
Dibao,Tesla
Dat Bike,Quantum
VinFast,Evo 200
Osakar,Nispa
Dat Bike,Dat Bike (Khác)
Dibao,Dibao (Khác)
Yadea,Velax
VinFast,VF e34
Osakar,Momo
Yadea,Ossy
Yadea,Voltguard
Yadea,i-Cute
Tailg,Tailg Series
VinFast,Impes
BYD,Sealion 6
Yadea,Orla
VinFast,Theon
Pega,Pega (Khác)
Porsche,Taycan
Daelim,Nova
BYD,M6
VinFast,Tempest
Dibao,Pansy
Espero,Velia
Dibao,LS007
Yadea,Odora
Yadea,I8
VinFast,Ludo
BYD,Atto 3
Yadea,G5
BYD,Han
BYD,BYD (Khác)
Dat Bike,Weaver
Pega,Aura
Dibao,Xman
Yadea,BuyE
BYD,Seal
Yadea,Ocean
Yadea,Osta
Pega,Cap A
Dibao,Shine
Wuling,HongGuang Mini EV
Dibao,Creer
Wuling,Bingo
