list_id,cohort,crawl_date,is_trackable,model_source,family,condition,year,odo_km,region,seller_key,price_vnd,scope_eligible,price_eligible,review_reasons,battery_topic,financing_mention,promo_mention,subject
134575209,legacy_unknown_crawl_date,,False,VF5,VF5,New,2026,,Ho Chi Minh City,17458420,77000000,True,False,low_price_review,Not mentioned,True,False,VF5 NHẬN XE CHỈ TỪ 65tr - HỖ TRỢ NỢ XẤU
133375442,legacy_unknown_crawl_date,,False,Dòng khác,Dòng khác,New,2025,,Ho Chi Minh City,25755790,188000000,False,False,unknown_ev_model; title_model_conflict,Not mentioned,True,True,VF2 2026-CỌC TIÊN PHONG-ƯU ĐÃI NGAY 8 TRIỆU
134616364,legacy_unknown_crawl_date,,False,VF8,VF8,New,2026,,Ho Chi Minh City,10245595,158000000,True,False,upfront_price_match,Not mentioned,True,False,VinFast VF8 Đen Giao Sớm - Trả trước 158tr
134630884,legacy_unknown_crawl_date,,False,Dòng khác,Dòng khác,Used,2026,0.0,Ho Chi Minh City,29626660,188000000,False,False,unknown_ev_model; title_model_conflict,Not mentioned,False,False,Xe điện VinFast VF2 Trắng
134347211,legacy_unknown_crawl_date,,False,VF7,VF7,New,2025,,Ho Chi Minh City,5453674,80000000,True,False,low_price_review; upfront_price_match,Not mentioned,True,True,VF7 2026 Pin chạy 450km - trả trước 80tr
134327657,legacy_unknown_crawl_date,,False,VF9,VF9,New,2025,,Ho Chi Minh City,5453674,229000000,True,False,upfront_price_match,Not mentioned,False,True,"VinFast VF9 Plus 2026 - 7c, chỉ cần 229tr"
134362470,legacy_unknown_crawl_date,,False,VF3,VF3,New,2025,,Ho Chi Minh City,5453674,33000000,True,False,low_price_review; upfront_price_match,Not mentioned,True,True,VinFast VF3 Plus 2026 Xám trả trước 33tr
133430676,legacy_unknown_crawl_date,,False,Dòng khác,Dòng khác,New,2026,,Ho Chi Minh City,17407422,650000000,False,False,unknown_ev_model; title_model_conflict,Not mentioned,True,True,VinFast MPV 7|Giảm hơn 100 Triệu|Từ 10 Triệu/tháng
134627226,legacy_unknown_crawl_date,,False,Dòng khác,Dòng khác,New,2026,,Hanoi,32556154,750000000,False,False,unknown_ev_model; title_model_conflict,Not mentioned,False,True,VinFast VF MPV 7
134610346,legacy_unknown_crawl_date,,False,Dòng khác,Dòng khác,New,2026,,Hanoi,2688886,180000000,False,False,unknown_ev_model; title_model_conflict,Not mentioned,False,False,"VINFAST VF2 – XE ĐIỆN MINI NHỎ GỌN, LINH HOẠT"
123678489,legacy_unknown_crawl_date,,False,Dòng khác,Dòng khác,New,2025,,Ho Chi Minh City,27751358,664000000,False,False,unknown_ev_model,Not mentioned,True,False,LIMO SẲN XE VÀNG+ĐỎ+BẠC+ĐEN GIAO LIỀN
134536439,legacy_unknown_crawl_date,,False,Dòng khác,Dòng khác,New,2026,,Ho Chi Minh City,17973966,732500000,False,False,unknown_ev_model; title_model_conflict,Not mentioned,False,False,VinFast MPV7 - TẶNG CAMERA 360
132919119,legacy_unknown_crawl_date,,False,Limo Green,Limo Green,Used,2026,0.0,Can Tho City,29722912,54000000,True,False,low_price_review; upfront_price_match,Not mentioned,True,True,🔥Limo Green xe mới 100%.Chỉ trả trước 54tr NHẬN XE
133441395,legacy_unknown_crawl_date,,False,VF3,VF3,New,2026,,Can Tho City,29722912,31000000,False,False,title_model_conflict; low_price_review; upfront_price_match,Not mentioned,True,True,🔥VF2 xe mới 100%. Chỉ trả trước 31tr NHẬN XE NGAY
129082640,legacy_unknown_crawl_date,,False,VF5 Plus,VF5,Used,2026,0.0,Can Tho City,29722912,40000000,True,False,low_price_review,Not mentioned,True,True,🔥VF5 Plus mới 100%. Chỉ trảtrước 40tr NHẬNXE NGAY
134613782,legacy_unknown_crawl_date,,False,Dòng khác,Dòng khác,Used,2024,145000.0,Ho Chi Minh City,158624,425000000,False,False,unknown_ev_model,Not mentioned,False,False,VinFast VF6S 2024 Trắng 14.5v free sạc 12/2027
134611255,legacy_unknown_crawl_date,,False,VF3,VF3,New,2026,,Ho Chi Minh City,1169297,285000000,True,False,upfront_price_match,Not mentioned,True,True,"VinFast VF3 ECO CHỈ TỪ 285TR, TRẢ TRƯỚC CHỈ 45TR"
133327118,legacy_unknown_crawl_date,,False,Limo Green,Limo Green,Used,2026,16.0,Ho Chi Minh City,19065850,46000000,True,False,low_price_review,Not mentioned,True,True,"Limo Green hỗ trợ nợ xấu, duyệt nhanh vay 90%"
131080054,legacy_unknown_crawl_date,,False,Limo Green,Limo Green,New,2026,6.0,Ho Chi Minh City,19065850,42000000,True,False,low_price_review,Not mentioned,False,True,"Vinfast Limo Green hỗ trợ hồ sơ nợ xấu,duyệt nhanh"
134582146,legacy_unknown_crawl_date,,False,Limo Green,Limo Green,New,2026,,Can Tho City,2962964,79000000,True,False,low_price_review,Not mentioned,True,True,🚘 Limo Green Mới 2026 chỉ trả 79tr nhận xe
133712910,legacy_unknown_crawl_date,,False,VF7,VF7,New,2026,,Ho Chi Minh City,16075472,730000000,False,False,title_model_conflict,Not mentioned,True,True,VF MPV 7 GIÁ ƯU ĐÃI THÁNG 7 - BAO HS XẤU
133460904,legacy_unknown_crawl_date,,False,VF5 Plus,VF5,New,2026,,Ho Chi Minh City,17005303,47100000,True,False,low_price_review,Not mentioned,False,True,Vinfast VF5 Plus 2026 Đa dạng
133461237,legacy_unknown_crawl_date,,False,Limo Green,Limo Green,New,2026,,Ho Chi Minh City,17005303,68000000,True,False,low_price_review,Not mentioned,False,True,Vinfast Limo Green 2026 98tr hỗ trợ anh em nợ xấu
134574271,legacy_unknown_crawl_date,,False,VF5 Plus,VF5,New,2026,,Can Tho City,2962964,39000000,True,False,low_price_review; upfront_price_match,Not mentioned,True,True,🚘 VF5 Plus. Chỉ cần 39 triệu nhận xe
134570732,legacy_unknown_crawl_date,,False,MPV 7,MPV7,New,2026,,Ho Chi Minh City,17407422,0,True,False,nonpositive_price; low_price_review,Not mentioned,True,True,VinFast MPV 7 2026 chỉ từ 7 Triệu/tháng
134570744,legacy_unknown_crawl_date,,False,Limo Green,Limo Green,New,2026,,Ho Chi Minh City,17407422,0,True,False,nonpositive_price; low_price_review,Not mentioned,True,True,VinFast Limo Green giảm hơn 50 triệu ko chính sách
133965848,legacy_unknown_crawl_date,,False,VF5 Plus,VF5,New,2026,,Ho Chi Minh City,18919731,644000000,False,False,title_model_conflict,Not mentioned,False,False,🔥 MUA LIMO GREEN ĐỦ MÀU-GIAO NGAY-VAY NHANH-90%
134584454,legacy_unknown_crawl_date,,False,Dòng khác,Dòng khác,Used,2026,0.0,Hanoi,32510914,632000000,False,False,unknown_ev_model; title_model_conflict,Not mentioned,True,True,Vinfast Mpv7 Trắng
134213975,legacy_unknown_crawl_date,,False,VF5,VF5,New,2026,,Ho Chi Minh City,23646258,406000000,True,False,upfront_price_match,Not mentioned,True,False,🔥 𝐕𝐅𝟓 𝟐𝟎𝟐𝟔 • Từ 400tr 2𝟎𝐓𝐑 𝐍𝐇𝐀̣̂𝐍 𝐗𝐄 • 𝐗𝐄 𝐆𝐈𝐀𝐎 𝐍𝐆𝐀𝐘
130988843,legacy_unknown_crawl_date,,False,VF3,VF3,New,2026,,Ho Chi Minh City,18919731,740000000,False,False,title_model_conflict,Not mentioned,True,True,"VF7 120TR NHẬN XE ""KHÔNG MUA"" CHẮC CHẮN HỐI TIẾC"
132151381,legacy_unknown_crawl_date,,False,Dòng khác,Dòng khác,New,2026,,Ho Chi Minh City,27487996,758000000,False,False,unknown_ev_model; title_model_conflict,Not mentioned,True,True,VINFAST VF7 PLUS  - CHỈ CẦN ĐƯA TRƯỚC 10%
134568192,legacy_unknown_crawl_date,,False,VF3,VF3,Used,2025,25000.0,Can Tho City,1574317,59000000,True,False,low_price_review,Not mentioned,True,False,vf3 góp nối. bao nợ xấu. xe trả góp
134568090,legacy_unknown_crawl_date,,False,VF3,VF3,Used,2025,34000.0,Can Tho City,1574317,60000000,True,False,low_price_review,Not mentioned,False,False,xe góp nối VF3 bao nợ xấu.
133551344,legacy_unknown_crawl_date,,False,VF5 Plus,VF5,Used,2023,90000.0,Ho Chi Minh City,1574317,62000000,True,False,low_price_review,Rental mentioned,True,False,vf5 bao nợ xấu. xe góp nối. trả góp
132236559,legacy_unknown_crawl_date,,False,Minio Green,Minio Green,New,2026,,Ho Chi Minh City,31426322,180000000,False,False,title_model_conflict,Not mentioned,False,True,VINFAST VF2- TIÊN PHONG GIẢM 8 TRIỆU
133352916,legacy_unknown_crawl_date,,False,VF7,VF7,New,2026,,Hanoi,3287572,622000000,True,False,upfront_price_match,Not mentioned,True,True,🚗VinFast VF7 - Chỉ Từ 622 Triệu - ĐẶT CỌC NGAY🏃🏃🏃
133717684,legacy_unknown_crawl_date,,False,VF7,VF7,New,2026,,Ho Chi Minh City,16075472,730000000,False,False,title_model_conflict,Not mentioned,True,True,VinFast MPV 7  SỞ HỮU XE DỄ DÀNG  TRẢ TRƯỚC 15%
131078294,legacy_unknown_crawl_date,,False,Dòng khác,Dòng khác,New,2026,,Hanoi,23724245,638000000,False,False,unknown_ev_model; title_model_conflict,Not mentioned,True,False,VF MPV7 giảm ngay 32tr giao ngay
130687187,legacy_unknown_crawl_date,,False,Dòng khác,Dòng khác,New,2026,,Ho Chi Minh City,30002425,693000000,False,False,unknown_ev_model,Not mentioned,False,True,✅ VINFAST MVP7 - TẶNG CAMERA 360 ĐỘ
130675601,legacy_unknown_crawl_date,,False,Dòng khác,Dòng khác,New,2026,,Hanoi,24632932,675000000,False,False,unknown_ev_model; title_model_conflict,Not mentioned,True,True,VinFast MPV7 GIÁ TỐT THÁNG 8
134510230,legacy_unknown_crawl_date,,False,Dòng khác,Dòng khác,New,2026,,Hanoi,2688886,180000000,False,False,unknown_ev_model; title_model_conflict,Not mentioned,False,True,"VINFAST VF2 – XE ĐIỆN ĐÔ THỊ NHỎ GỌN, TIẾT KIỆM"
123549450,legacy_unknown_crawl_date,,False,Dòng khác,Dòng khác,New,2026,,Ho Chi Minh City,2073521,650000000,False,False,unknown_ev_model; title_model_conflict,Not mentioned,True,True,"💥VinFast LIMO GREEN VAY 95%, 0% TB, 0 CM THU NHẬP"
134251032,legacy_unknown_crawl_date,,False,Dòng khác,Dòng khác,New,2026,,Ho Chi Minh City,23646258,650000000,False,False,unknown_ev_model,Not mentioned,False,True,𝐕𝐈𝐍𝐅𝐀𝐒𝐓 𝐌𝐏𝐕 𝟕𝐆𝐈𝐀̉𝐌 𝐆𝐈𝐀́ 𝐂𝐔̛̣𝐂 𝐌𝐀̣𝐍𝐇
134511760,legacy_unknown_crawl_date,,False,VF3,VF3,New,2026,,Ho Chi Minh City,32543571,5000000,False,False,service_title; low_price_review,Not mentioned,False,False,BẢO HIỂM BẮT BUỘC Ô TÔ GIÁ RẺ
133943464,legacy_unknown_crawl_date,,False,VF3,VF3,New,2026,,Can Tho City,4680092,39000000,True,False,low_price_review,Not mentioned,True,True,VinFast VF3 Eco 2026
133698552,legacy_unknown_crawl_date,,False,Dòng khác,Dòng khác,New,2026,,Ho Chi Minh City,9431250,730000000,False,False,unknown_ev_model; title_model_conflict,Not mentioned,False,False,VinFast VF MPV 7 Trắng 450 km/sạc
133120262,legacy_unknown_crawl_date,,False,EC VAN,EC VAN,New,2026,,Ho Chi Minh City,1558920,247000000,True,False,upfront_price_match,Not mentioned,True,False,VinFast EC Van Giá chỉ từ 247TR trả trước 40Tr
134216716,legacy_unknown_crawl_date,,False,Limo Green,Limo Green,New,2026,,Ho Chi Minh City,23646258,550000000,True,False,upfront_price_match,Not mentioned,True,True,LIMO GREEN 7 chỗ Từ 550tr trả trước 90 tr nhận xe
134485045,legacy_unknown_crawl_date,,False,VF5,VF5,New,2026,,Hanoi,32532735,43000000,True,False,low_price_review,Not mentioned,True,True,VinFast VF5 Trắng 5 chỗ
132836954,legacy_unknown_crawl_date,,False,VF8,VF8,New,2026,,Can Tho City,29722912,90000000,True,False,low_price_review; upfront_price_match,Not mentioned,True,True,🔥VF8 xe mới 100%. Chỉ trả trước 90tr NHẬN XE NGAY
127213379,legacy_unknown_crawl_date,,False,VF3,VF3,New,2025,,Can Tho City,29722912,34000000,True,False,low_price_review; upfront_price_match,Not mentioned,True,True,🔥VF3 xe mới 100%. Chỉ trả trước 34tr NHẬN XE NGAY
134051136,legacy_unknown_crawl_date,,False,VF5 Plus,VF5,New,2026,,Can Tho City,32311489,40000000,True,False,low_price_review; upfront_price_match,Not mentioned,True,True,💥 VF5 PLUS mới 100%. Chỉ trả trước 40tr Nhận xe
134477158,legacy_unknown_crawl_date,,False,Dòng khác,Dòng khác,Used,2025,15000.0,Hanoi,3355113,610000000,False,False,unknown_ev_model; title_model_conflict,Purchase mentioned,False,False,VinFast VF6 Plus 2025 Xám
133698651,legacy_unknown_crawl_date,,False,Dòng khác,Dòng khác,New,2026,,Ho Chi Minh City,9431250,730000000,False,False,unknown_ev_model; title_model_conflict,Not mentioned,False,False,VinFast MPV 7 450 km/sạc - BAO HS NHÓM 5
133591216,legacy_unknown_crawl_date,,False,Dòng khác,Dòng khác,New,2026,,Hanoi,24632932,185000000,False,False,unknown_ev_model; title_model_conflict,Not mentioned,True,True,VinFast VF 2 sẵn XE GIAO NGAY
131309104,legacy_unknown_crawl_date,,False,Lux SA2.0,Lux SA2.0,Used,2021,100000.0,Hanoi,121345,525000000,False,False,is_ice_label,Not mentioned,False,False,VINFAST LUX SA 2021 - ODO 10V KM
132417004,legacy_unknown_crawl_date,,False,EC VAN,EC VAN,New,2026,,Da Nang City,4625937,259000000,False,False,title_model_conflict,Not mentioned,False,True,Vinfast VF 3 màu Vàng
133534659,legacy_unknown_crawl_date,,False,VF2,VF2,New,2026,,Da Nang City,4625937,100000000,True,False,upfront_price_match,Not mentioned,False,True,Vinfast VF 2 Trắng giá cực tốt chỉ từ 100 tr
134441914,legacy_unknown_crawl_date,,False,Limo Green,Limo Green,New,2026,,Da Nang City,2039434,650000000,False,False,multiple_models_in_title,Not mentioned,False,True,VinFast Limo Green MPV 7 chỗ Điện Trắng
134414996,legacy_unknown_crawl_date,,False,VF5 Plus,VF5,New,2026,,Ho Chi Minh City,31814467,30000000,True,False,low_price_review,Not mentioned,True,True,VinFast VF5 Plus đỏ Ô tô điện
134419700,legacy_unknown_crawl_date,,False,Dòng khác,Dòng khác,Used,2024,20000.0,Ho Chi Minh City,25755790,739000000,False,False,unknown_ev_model,Purchase mentioned,True,True,VinFast VF8S 2024-LƯỚT 2vKm-Pin CATL-Có Hỗ Trợ Góp
133274616,legacy_unknown_crawl_date,,False,Dòng khác,Dòng khác,New,2026,,Ho Chi Minh City,25502241,15000000,False,False,unknown_ev_model; title_model_conflict; low_price_review,Not mentioned,False,True,VinFast VF3 PLUS  ĐỦ MÀU GIAO NGAY TỪ 50 TRIỆU
134406437,legacy_unknown_crawl_date,,False,VF5 Plus,VF5,Used,2026,3.0,Ho Chi Minh City,31814467,50000000,True,False,low_price_review,Not mentioned,True,True,VinFast VF5 Plus đỏ Ô tô điện
131776408,legacy_unknown_crawl_date,,False,Minio Green,Minio Green,New,2026,,Ho Chi Minh City,4471869,13450000,True,False,low_price_review,Not mentioned,True,False,VinFast Minio bao nợ xấu - 13.5tr nhận xe ngay
126597592,legacy_unknown_crawl_date,,False,Limo Green,Limo Green,New,2025,,Ho Chi Minh City,4471869,75000000,True,False,low_price_review; upfront_price_match,Not mentioned,True,True,"Limo Green NHẬN XE TỪ 75tr, LS 5,6% BAO NỢ XẤU"
134378537,legacy_unknown_crawl_date,,False,VF5 Plus,VF5,New,2026,,Hanoi,27898944,65000000,True,False,low_price_review,Not mentioned,True,True,VinFast VF 5 Trắng Tự động
134384619,legacy_unknown_crawl_date,,False,Dòng khác,Dòng khác,New,2026,,Can Tho City,32314278,180000000,False,False,unknown_ev_model; title_model_conflict,Not mentioned,False,True,VF2 GIẢM 8 CỦ - TẶNG PHỤ KIỆN
132818898,legacy_unknown_crawl_date,,False,Dòng khác,Dòng khác,Used,2026,12000.0,Ho Chi Minh City,5246522,630000000,False,False,unknown_ev_model; title_model_conflict,Not mentioned,False,False,VinFast VF6 PLUS 2026 Đen Như Xe Mới
134361161,legacy_unknown_crawl_date,,False,VF5,VF5,New,2026,,Ho Chi Minh City,384093,35000000,True,False,low_price_review,Not mentioned,True,True,"VF5 Đỏ, Trắng, Xám. Tài xế Xanh SM 35 TR nhận xe"
134348290,legacy_unknown_crawl_date,,False,Dòng khác,Dòng khác,Used,2026,0.0,Hanoi,19614977,689000000,False,False,unknown_ev_model; title_model_conflict,Not mentioned,False,True,VinFast MPV7 7 Full màu Giao xe tại Đông Anh
134329059,legacy_unknown_crawl_date,,False,Dòng khác,Dòng khác,New,2025,,Ho Chi Minh City,28004425,180000000,False,False,unknown_ev_model; title_model_conflict,Not mentioned,True,True,Xe điện VinFast VF2 - CHỈ TỪ 3triệu/ Tháng
134324302,legacy_unknown_crawl_date,,False,Limo Green,Limo Green,New,2026,,Ho Chi Minh City,5453674,65000000,True,False,low_price_review,Not mentioned,False,False,"Limo Green 2026 Đủ Màu, chuẩn bị 65tr lấy xe"
133954297,legacy_unknown_crawl_date,,False,Dòng khác,Dòng khác,New,2026,,Ho Chi Minh City,31822163,600000000,False,False,unknown_ev_model; title_model_conflict,Not mentioned,True,True,VinFast MPV7 SẴN XE RẤT NHIỀU ! GIÁ TỐT
131886747,legacy_unknown_crawl_date,,False,VF8,VF8,New,2026,,Dong Nai,27751358,1348000000,False,False,title_model_conflict,Not mentioned,True,False,VF9 TRẢ TRƯỚC 0Đ CHO CÁ NHÂN & DOANH NGHIỆP
134309761,legacy_unknown_crawl_date,,False,Dòng khác,Dòng khác,New,2026,,Hanoi,2688886,600000000,False,False,unknown_ev_model; title_model_conflict,Not mentioned,False,True,"VinFast MPV 7 2026 Giảm giá cực sốc, xe giao ngay"
134308046,legacy_unknown_crawl_date,,False,Fadil,Fadil,Used,2021,0.0,Hai Phong City,26716086,295000000,False,False,is_ice_label,Not mentioned,False,False,Vinfast Fadil 2021
134314996,legacy_unknown_crawl_date,,False,Dòng khác,Dòng khác,Used,2025,8000.0,Ho Chi Minh City,32216223,690000000,False,False,unknown_ev_model; title_model_conflict,Not mentioned,False,False,VinFast VF MPV 7 2026 Trắng 7 chỗ 8000 Km
134314418,legacy_unknown_crawl_date,,False,Dòng khác,Dòng khác,New,2025,,Ho Chi Minh City,32454047,715000000,False,False,unknown_ev_model; title_model_conflict,Not mentioned,False,False,VinFast VF MPV 7 2026 Trắng 7 chỗ
134291107,legacy_unknown_crawl_date,,False,VF5,VF5,New,2026,,Ho Chi Minh City,26210229,34440000,True,False,low_price_review,Not mentioned,True,True,SỞ HỮU XE Vinfast VF5 CỰC ĐƠN GIẢN - BAO NỢ XẤU
134309702,legacy_unknown_crawl_date,,False,President,President,Used,2021,10000.0,Hanoi,26038806,1050000000,False,False,is_ice_label,Not mentioned,False,False,Xe VinFast President 6.2 V8 2021 - 1 Tỷ 50 Triệu
134305255,legacy_unknown_crawl_date,,False,Dòng khác,Dòng khác,New,2026,,Ho Chi Minh City,720041,635000000,False,False,unknown_ev_model; title_model_conflict,Not mentioned,True,True,"MPV7, vay 100%, áp Voucher Lux SA 80t, còn 635t"
134212100,legacy_unknown_crawl_date,,False,VF3,VF3,Used,2015,22000.0,Hanoi,4766470,250000000,False,False,year_review,Purchase mentioned,False,False,VinFast VF3 2025 Xám 22000 km
133698585,legacy_unknown_crawl_date,,False,Dòng khác,Dòng khác,New,2026,,Ho Chi Minh City,9431250,730000000,False,False,unknown_ev_model; title_model_conflict,Not mentioned,False,False,VinFast MPV 7 -XE SẴN KHO GIAO NGAY - BAO HS KHÓ
