Category,Brand_ID,Brand_Name,Model_ID,Model_Name
Xe máy,1,Honda,2,@
Xe máy,1,Honda,1,67
Xe máy,1,Honda,397,ADV 150
Xe máy,1,Honda,438,ADV 160
Xe máy,1,Honda,605,ADV 350
Xe máy,1,Honda,3,Air Blade
Xe máy,1,Honda,334,Avitor
Xe máy,1,Honda,388,Beat
Xe máy,1,Honda,333,Blade
Xe máy,1,Honda,4,CB
Xe máy,1,Honda,5,CBR
Xe máy,1,Honda,6,CD
Xe máy,1,Honda,400,CG125Fi
Xe máy,1,Honda,617,CGX
Xe máy,1,Honda,7,Chaly
Xe máy,1,Honda,8,Citi
Xe máy,1,Honda,9,Click
Xe máy,1,Honda,10,Cub
Xe máy,1,Honda,593,CUV e
Xe máy,1,Honda,745,Dash
Xe máy,1,Honda,11,Dream
Xe máy,1,Honda,12,Dylan
Xe máy,1,Honda,387,Forza 300
Xe máy,1,Honda,743,Forza 350
Xe máy,1,Honda,13,Future
Xe máy,1,Honda,426,Giorno
Xe máy,1,Honda,592,ICON e
Xe máy,1,Honda,405,KPR
Xe máy,1,Honda,14,Lead
Xe máy,1,Honda,390,Monkey
Xe máy,1,Honda,292,MSX 125
Xe máy,1,Honda,336,Nova
Xe máy,1,Honda,15,PCX
Xe máy,1,Honda,16,PS
Xe máy,1,Honda,17,Rebel
Xe máy,1,Honda,607,Rebel 1100
Xe máy,1,Honda,335,Scoopy
Xe máy,1,Honda,18,SCR
Xe máy,1,Honda,19,SH
Xe máy,1,Honda,393,Shadow
Xe máy,1,Honda,279,SH Mode
Xe máy,1,Honda,379,Sonic
Xe máy,1,Honda,20,Spacy
Xe máy,1,Honda,728,UC3
Xe máy,1,Honda,362,Vario
Xe máy,1,Honda,21,Vision
Xe máy,1,Honda,22,Wave
Xe máy,1,Honda,23,Win
Xe máy,1,Honda,293,Winner
Xe máy,1,Honda,606,Winner R
Xe máy,1,Honda,396,Winner X
Xe máy,1,Honda,729,WN7
Xe máy,1,Honda,24,Dòng khác
Xe máy,10,CR&S,156,CUU
Xe máy,10,CR&S,157,VUN
Xe máy,10,CR&S,158,Dòng khác
Xe máy,11,Daelim,193,A-4
Xe máy,11,Daelim,196,B-bone
Xe máy,11,Daelim,197,Besbi125
Xe máy,11,Daelim,322,BS
Xe máy,11,Daelim,323,Cub
Xe máy,11,Daelim,198,DayStar125Fi
Xe máy,11,Daelim,194,E-FIVE
Xe máy,11,Daelim,199,NS125
Xe máy,11,Daelim,200,RoadWin125
Xe máy,11,Daelim,195,S4
Xe máy,11,Daelim,321,VS125
Xe máy,11,Daelim,201,Dòng khác
Xe máy,12,Ducati,161,Monster
Xe máy,12,Ducati,299,Scrambler
Xe máy,12,Ducati,288,Hypermotard
Xe máy,12,Ducati,291,Streetfighter
Xe máy,12,Ducati,160,899 panigale
Xe máy,12,Ducati,287,Diavel
Xe máy,12,Ducati,159,1199 panigale
Xe máy,12,Ducati,290,Multistrada
Xe máy,12,Ducati,403,Panigale V4
Xe máy,12,Ducati,162,Dòng khác
Xe máy,13,Euro Reibel,277,Dòng khác
Xe máy,14,Halim,276,Dòng khác
Xe máy,15,Harley Davidson,417,48
Xe máy,15,Harley Davidson,331,CVO
Xe máy,15,Harley Davidson,328,Dyna
Xe máy,15,Harley Davidson,416,Fat Bob
Xe máy,15,Harley Davidson,409,Fat Boy
Xe máy,15,Harley Davidson,408,Low Rider
Xe máy,15,Harley Davidson,415,Roadster
Xe máy,15,Harley Davidson,329,Softail
Xe máy,15,Harley Davidson,414,Softail Standard
Xe máy,15,Harley Davidson,327,Sportster
Xe máy,15,Harley Davidson,326,Street
Xe máy,15,Harley Davidson,418,Superlow
Xe máy,15,Harley Davidson,332,Touring
Xe máy,15,Harley Davidson,330,V-Rod
Xe máy,15,Harley Davidson,177,V-Rod Muscle
Xe máy,15,Harley Davidson,178,Dòng khác
Xe máy,16,Hyosung,187,125/250
Xe máy,16,Hyosung,188,Aquila
Xe máy,16,Hyosung,189,GT
Xe máy,16,Hyosung,324,GV
Xe máy,16,Hyosung,492,HSV1
Xe máy,16,Hyosung,493,HSV2
Xe máy,16,Hyosung,494,HSV3
Xe máy,16,Hyosung,325,ST
Xe máy,16,Hyosung,495,WS
Xe máy,16,Hyosung,190,Dòng khác
Xe máy,17,Kawasaki,92,Boss
Xe máy,17,Kawasaki,93,Estrella
Xe máy,17,Kawasaki,94,Kawasaki
Xe máy,17,Kawasaki,404,Kips
Xe máy,17,Kawasaki,95,KSR
Xe máy,17,Kawasaki,96,Leo
Xe máy,17,Kawasaki,97,Max
Xe máy,17,Kawasaki,98,Ninja
Xe máy,17,Kawasaki,99,Versys
Xe máy,17,Kawasaki,100,Vulcan
Xe máy,17,Kawasaki,392,W175
Xe máy,17,Kawasaki,101,W400
Xe máy,17,Kawasaki,102,W650
Xe máy,17,Kawasaki,103,W800
Xe máy,17,Kawasaki,104,Z1000
Xe máy,17,Kawasaki,338,Z125
Xe máy,17,Kawasaki,339,Z250
Xe máy,17,Kawasaki,105,Z300
Xe máy,17,Kawasaki,106,Z400
Xe máy,17,Kawasaki,298,Z650
Xe máy,17,Kawasaki,107,Z800
Xe máy,17,Kawasaki,297,Z900
Xe máy,17,Kawasaki,108,ZX10R
Xe máy,17,Kawasaki,109,ZX6J
Xe máy,17,Kawasaki,110,ZX6R
Xe máy,17,Kawasaki,111,Dòng khác
Xe máy,18,Keeway,191,Blackster
Xe máy,18,Keeway,192,Dòng khác
Xe máy,19,Kengo,143,Classic 400
Xe máy,19,Kengo,144,Custom 2017
Xe máy,19,Kengo,146,E-Bikes
Xe máy,19,Kengo,145,Off road
Xe máy,19,Kengo,141,R250
Xe máy,19,Kengo,140,R350
Xe máy,19,Kengo,147,Scooter
Xe máy,19,Kengo,142,X350
Xe máy,19,Kengo,148,Dòng khác
Xe máy,2,Yamaha,351,Acruzo
Xe máy,2,Yamaha,412,Aerox
Xe máy,2,Yamaha,29,Cuxi
Xe máy,2,Yamaha,25,Exciter
Xe máy,2,Yamaha,610,Fino
Xe máy,2,Yamaha,394,Freego
Xe máy,2,Yamaha,30,FZ
Xe máy,2,Yamaha,744,Gear
Xe máy,2,Yamaha,280,Grande
Xe máy,2,Yamaha,294,Janus
Xe máy,2,Yamaha,28,Jupiter
Xe máy,2,Yamaha,395,Latte
Xe máy,2,Yamaha,603,Lexi
Xe máy,2,Yamaha,31,Luvias
Xe máy,2,Yamaha,32,Mio
Xe máy,2,Yamaha,355,MT
Xe máy,2,Yamaha,594,NEO’s
Xe máy,2,Yamaha,627,Nmax
Xe máy,2,Yamaha,354,NM-X
Xe máy,2,Yamaha,26,Nouvo
Xe máy,2,Yamaha,33,Nozza
Xe máy,2,Yamaha,370,Nvx
Xe máy,2,Yamaha,436,PG-1
Xe máy,2,Yamaha,34,R
Xe máy,2,Yamaha,27,Sirius
Xe máy,2,Yamaha,35,Taurus
Xe máy,2,Yamaha,353,TFX
Xe máy,2,Yamaha,401,Tracer
Xe máy,2,Yamaha,609,Vino
Xe máy,2,Yamaha,618,Vmax
Xe máy,2,Yamaha,406,XMAX
Xe máy,2,Yamaha,608,Xmax 300
Xe máy,2,Yamaha,437,XSR
Xe máy,2,Yamaha,36,Yass
Xe máy,2,Yamaha,37,YAZ
Xe máy,2,Yamaha,391,YB125
Xe máy,2,Yamaha,616,YBR125
Xe máy,2,Yamaha,38,Dòng khác
Xe máy,20,KTM,167,390
Xe máy,20,KTM,164,1190 RC8R
Xe máy,20,KTM,165,1290 Super Adventure
Xe máy,20,KTM,166,1290 Super Duke R
Xe máy,20,KTM,163,Duke 200
Xe máy,20,KTM,169,Duke 250
Xe máy,20,KTM,170,Duke 390
Xe máy,20,KTM,171,Duke 690
Xe máy,20,KTM,172,RC 200
Xe máy,20,KTM,173,RC 250
Xe máy,20,KTM,174,RC 390
Xe máy,20,KTM,175,Dòng khác
Xe máy,21,Kymco,127,Candy Hi
Xe máy,21,Kymco,128,Candy S
Xe máy,21,Kymco,486,Hermosa
Xe máy,21,Kymco,129,Jockey Fi
Xe máy,21,Kymco,488,Kpipe
Xe máy,21,Kymco,130,K-Pipe
Xe máy,21,Kymco,131,Like Fi
Xe máy,21,Kymco,132,Like MMC
Xe máy,21,Kymco,133,Many
Xe máy,21,Kymco,134,Many Fi
Xe máy,21,Kymco,135,Many Macaron Fi
Xe máy,21,Kymco,136,Many S
Xe máy,21,Kymco,137,People 16 Fi
Xe máy,21,Kymco,138,People S Fi
Xe máy,21,Kymco,337,Solona
Xe máy,21,Kymco,487,Visars
Xe máy,21,Kymco,139,Dòng khác
Xe máy,22,Lambretta,149,A
Xe máy,22,Lambretta,150,B
Xe máy,22,Lambretta,151,C
Xe máy,22,Lambretta,152,D
Xe máy,22,Lambretta,153,E
Xe máy,22,Lambretta,154,F
Xe máy,22,Lambretta,155,Dòng khác
Xe máy,23,Malaguti,271,F12
Xe máy,23,Malaguti,272,Grizzly
Xe máy,23,Malaguti,273,Madison
Xe máy,23,Malaguti,274,Dòng khác
Xe máy,24,MV Agusta,258,Brutale 3 Cylind
Xe máy,24,MV Agusta,257,Brutale 4 Cylind
Xe máy,24,MV Agusta,260,Dragster
Xe máy,24,MV Agusta,255,F3
Xe máy,24,MV Agusta,256,F4
Xe máy,24,MV Agusta,259,Rivale
Xe máy,24,MV Agusta,262,Stradale
Xe máy,24,MV Agusta,261,Turismo Veloce
Xe máy,24,MV Agusta,263,Dòng khác
Xe máy,25,Norton,252,Commandor
Xe máy,25,Norton,253,Dominator
Xe máy,25,Norton,254,Dòng khác
Xe máy,26,RebelUSA,203,CBR
Xe máy,26,RebelUSA,202,CDR
Xe máy,26,RebelUSA,204,Deluxe
Xe máy,26,RebelUSA,205,Notus
Xe máy,26,RebelUSA,206,Rebell
Xe máy,26,RebelUSA,207,Dòng khác
Xe máy,27,Regal Raptor,210,Bobber
Xe máy,27,Regal Raptor,209,Cruiser
Xe máy,27,Regal Raptor,208,Daytona
Xe máy,27,Regal Raptor,211,Euro Reibel
Xe máy,27,Regal Raptor,212,Dòng khác
Xe máy,28,Sachs,213,150KN
Xe máy,28,Sachs,343,Amici
Xe máy,28,Sachs,214,B-805
Xe máy,28,Sachs,215,Balboa
Xe máy,28,Sachs,216,Bee 50 and Bee 125
Xe máy,28,Sachs,217,Big Roadster V 3
Xe máy,28,Sachs,219,Dirty Devil 110
Xe máy,28,Sachs,218,Dirty Devil 50
Xe máy,28,Sachs,345,Goebel
Xe máy,28,Sachs,224,Hercules 125 cc
Xe máy,28,Sachs,220,MadAss
Xe máy,28,Sachs,344,Optima
Xe máy,28,Sachs,221,Prima
Xe máy,28,Sachs,222,Prima G3
Xe máy,28,Sachs,227,Roadster 125 V2
Xe máy,28,Sachs,228,Roadster 2000
Xe máy,28,Sachs,223,Roadster 650
Xe máy,28,Sachs,225,Roadster 800
Xe máy,28,Sachs,226,Roadster V 1
Xe máy,28,Sachs,229,Speedjet R 50 (Air cooled)
Xe máy,28,Sachs,230,Speedjet RS 50 (Liquid cooled intr
Xe máy,28,Sachs,231,SR 125
Xe máy,28,Sachs,232,SX-1
Xe máy,28,Sachs,233,SX-1 (Urbano Limited Edition)
Xe máy,28,Sachs,234,VS 125
Xe máy,28,Sachs,235,Westlake
Xe máy,28,Sachs,236,X Road
Xe máy,28,Sachs,237,XTC 125
Xe máy,28,Sachs,238,XTC-N
Xe máy,28,Sachs,239,XTC-R
Xe máy,28,Sachs,240,ZX 125
Xe máy,28,Sachs,241,Dòng khác
Xe máy,29,Sanda,278,Dòng khác
Xe máy,3,Piaggio,671,1
Xe máy,3,Piaggio,672,1 Active
Xe máy,3,Piaggio,282,Beverly
Xe máy,3,Piaggio,88,ET8
Xe máy,3,Piaggio,82,Fly
Xe máy,3,Piaggio,87,GT
Xe máy,3,Piaggio,85,GTS
Xe máy,3,Piaggio,78,Liberty
Xe máy,3,Piaggio,79,LX
Xe máy,3,Piaggio,89,Medley
Xe máy,3,Piaggio,84,Primavera
Xe máy,3,Piaggio,90,PX
Xe máy,3,Piaggio,83,Sprint
Xe máy,3,Piaggio,80,Vespa
Xe máy,3,Piaggio,449,Vespa 946
Xe máy,3,Piaggio,447,Vespa GTS
Xe máy,3,Piaggio,446,Vespa GTV
Xe máy,3,Piaggio,445,Vespa LXV
Xe máy,3,Piaggio,450,Vespa Primavera
Xe máy,3,Piaggio,86,Vespa S125
Xe máy,3,Piaggio,448,Vespa Sprint
Xe máy,3,Piaggio,81,Zip
Xe máy,3,Piaggio,91,Dòng khác
Xe máy,30,Triumph,350,Street Scramber
Xe máy,30,Triumph,413,Street Triple
Xe máy,30,Triumph,349,Street Twin
Xe máy,30,Triumph,245,Triumph America
Xe máy,30,Triumph,242,Triumph Bonneville T100
Xe máy,30,Triumph,246,Triumph Speedmaster
Xe máy,30,Triumph,244,Triumph Tiger Explorer XC
Xe máy,30,Triumph,247,Dòng khác
Xe máy,31,Vento,249,Gladiator XLS
Xe máy,31,Vento,250,Rebellian
Xe máy,31,Vento,248,V Thunder XL
Xe máy,31,Vento,251,Dòng khác
Xe máy,32,Victory,264,Cross Country Tours
Xe máy,32,Victory,265,Gunner
Xe máy,32,Victory,359,Hammer
Xe máy,32,Victory,358,High-Ball
Xe máy,32,Victory,361,Magnum
Xe máy,32,Victory,357,Vegas
Xe máy,32,Victory,360,Vision
Xe máy,32,Victory,266,Dòng khác
Xe máy,33,Visitor,267,125 Classic
Xe máy,33,Visitor,356,Bios
Xe máy,33,Visitor,268,helios
Xe máy,33,Visitor,269,Phoenix
Xe máy,33,Visitor,270,Dòng khác
Xe máy,34,Brand_34,275,Dòng khác
Xe máy,35,Brixton,300,BX 125
Xe máy,35,Brixton,301,BX 150
Xe máy,36,Moto Guzzi,303,V7
Xe máy,36,Moto Guzzi,302,V9
Xe máy,36,Moto Guzzi,424,Dòng khác
Xe máy,37,Peugeot,307,102
Xe máy,37,Peugeot,308,103
Xe máy,37,Peugeot,309,104
Xe máy,37,Peugeot,305,Citystar
Xe máy,37,Peugeot,304,Django
Xe máy,37,Peugeot,306,Satelis
Xe máy,37,Peugeot,420,Dòng khác
Xe máy,38,GPX,364,Demon 150GN
Xe máy,38,GPX,363,Demon 150GR
Xe máy,38,GPX,613,Demon GR200R
Xe máy,38,GPX,368,Demon X 125cc
Xe máy,38,GPX,366,Legend 150S
Xe máy,38,GPX,367,Legend 200
Xe máy,38,GPX,614,Legend 250 Twin III
Xe máy,38,GPX,365,Legend Gentleman 200
Xe máy,38,GPX,410,Rock
Xe máy,39,Taya,371,Cub
Xe máy,39,Taya,372,Chaly
Xe máy,39,Taya,373,City
Xe máy,39,Taya,374,Mini
Xe máy,39,Taya,375,Scoopy
Xe máy,39,Taya,376,Scooter
Xe máy,39,Taya,377,Giorno
Xe máy,39,Taya,378,Hunter City
Xe máy,39,Taya,421,Dòng khác
Xe máy,4,Suzuki,61,Axelo
Xe máy,4,Suzuki,62,Bella
Xe máy,4,Suzuki,63,Best
Xe máy,4,Suzuki,64,Crystal
Xe máy,4,Suzuki,65,EN
Xe máy,4,Suzuki,66,Epicuro
Xe máy,4,Suzuki,58,FX125
Xe máy,4,Suzuki,296,GD
Xe máy,4,Suzuki,67,GN
Xe máy,4,Suzuki,295,GSX
Xe máy,4,Suzuki,68,GZ
Xe máy,4,Suzuki,57,Hayate
Xe máy,4,Suzuki,283,Impulse
Xe máy,4,Suzuki,402,Intruder
Xe máy,4,Suzuki,70,Raider
Xe máy,4,Suzuki,340,Revo
Xe máy,4,Suzuki,72,Royal
Xe máy,4,Suzuki,73,Sapphire
Xe máy,4,Suzuki,60,Satria
Xe máy,4,Suzuki,74,Smash
Xe máy,4,Suzuki,56,Sport / Xipo
Xe máy,4,Suzuki,75,Stinger
Xe máy,4,Suzuki,59,Viva
Xe máy,4,Suzuki,341,V-Strom
Xe máy,4,Suzuki,76,Xbike
Xe máy,4,Suzuki,77,Dòng khác
Xe máy,40,Nioshima,491,Crea Plus
Xe máy,40,Nioshima,380,Nio Fi 50cc
Xe máy,40,Nioshima,489,Nio Plus
Xe máy,40,Nioshima,490,Nio S Plus
Xe máy,40,Nioshima,423,Dòng khác
Xe máy,41,Detech,381,Espero
Xe máy,41,Detech,422,Dòng khác
Xe máy,42,Royal Enfield,382,Classic 500
Xe máy,42,Royal Enfield,383,Bullet 500
Xe máy,42,Royal Enfield,384,Continetal GT
Xe máy,42,Royal Enfield,385,Himalayan
Xe máy,42,Royal Enfield,386,Interceptor 650
Xe máy,42,Royal Enfield,425,Dòng khác
Xe máy,43,Husqvarna,429,Dòng khác
Xe máy,43,Husqvarna,434,701 Enduro
Xe máy,43,Husqvarna,433,701 Supermoto
Xe máy,43,Husqvarna,432,Norden 901
Xe máy,43,Husqvarna,430,Svartpilen 200
Xe máy,43,Husqvarna,431,Svartpilen 401
Xe máy,43,Husqvarna,435,Vitpilen 401
Xe máy,44,VinFast,444,dòng khác
Xe máy,44,VinFast,733,Amio
Xe máy,44,VinFast,460,DrgnFly
Xe máy,44,VinFast,730,Evo
Xe máy,44,VinFast,439,Evo200
Xe máy,44,VinFast,451,Evo200 Lite
Xe máy,44,VinFast,455,Evo Grand
Xe máy,44,VinFast,456,Evo Grand Lite
Xe máy,44,VinFast,453,Evo Lite Neo
Xe máy,44,VinFast,452,Evo Neo
Xe máy,44,VinFast,707,Feliz
Xe máy,44,VinFast,731,Feliz II
Xe máy,44,VinFast,709,Feliz Lite
Xe máy,44,VinFast,457,Feliz Neo
Xe máy,44,VinFast,440,Feliz S
Xe máy,44,VinFast,625,Flazz
Xe máy,44,VinFast,458,Klara Neo
Xe máy,44,VinFast,441,Klara S
Xe máy,44,VinFast,706,Klara S2
Xe máy,44,VinFast,454,Motio
Xe máy,44,VinFast,443,Theon S
Xe máy,44,VinFast,459,Vento Neo
Xe máy,44,VinFast,442,Vento S
Xe máy,44,VinFast,708,Vero X
Xe máy,44,VinFast,732,Viper
Xe máy,44,VinFast,626,ZGoo
Xe máy,45,Yadea,482,Dòng khác
Xe máy,45,Yadea,477,i6
Xe máy,45,Yadea,478,i8
Xe máy,45,Yadea,479,i8 Vintage
Xe máy,45,Yadea,467,iCute
Xe máy,45,Yadea,480,iFUN
Xe máy,45,Yadea,481,IGO
Xe máy,45,Yadea,469,M6I
Xe máy,45,Yadea,466,Ocean
Xe máy,45,Yadea,468,Odora S
Xe máy,45,Yadea,464,Oris
Xe máy,45,Yadea,463,Orla
Xe máy,45,Yadea,465,Ossy
Xe máy,45,Yadea,742,Osta
Xe máy,45,Yadea,476,S3 Pro
Xe máy,45,Yadea,472,Vekoo
Xe máy,45,Yadea,462,Velax
Xe máy,45,Yadea,470,Vigor
Xe máy,45,Yadea,461,Voltguard
Xe máy,45,Yadea,475,XBull
Xe máy,45,Yadea,473,Xmen Neo
Xe máy,45,Yadea,474,X-Sky
Xe máy,45,Yadea,471,X-Zone
Xe máy,46,Lihaze,484,Dòng khác
Xe máy,46,Lihaze,483,Z3
Xe máy,47,JVC,505,Dòng khác
Xe máy,47,JVC,500,Gogo Cross
Xe máy,47,JVC,501,Gogo S
Xe máy,47,JVC,502,V2 Pro
Xe máy,47,JVC,504,V6
Xe máy,47,JVC,498,Vespa Platinum
Xe máy,47,JVC,499,Vespa S1
Xe máy,47,JVC,496,Xmen F1
Xe máy,47,JVC,497,Xmen Neo
Xe máy,47,JVC,503,ZH
Xe máy,48,DKBike,519,Dòng khác
Xe máy,48,DKBike,515,EZ 1
Xe máy,48,DKBike,516,EZ 2
Xe máy,48,DKBike,510,Gogo
Xe máy,48,DKBike,511,Gogo S
Xe máy,48,DKBike,514,Roma GT
Xe máy,48,DKBike,507,Roma Lite S
Xe máy,48,DKBike,506,Roma SX
Xe máy,48,DKBike,518,S1
Xe máy,48,DKBike,512,S2
Xe máy,48,DKBike,517,Samurai
Xe máy,48,DKBike,513,V1
Xe máy,48,DKBike,509,Xmen One
Xe máy,48,DKBike,508,Z-Buff
Xe máy,49,Avent,535,Dòng khác
Xe máy,49,Avent,533,Apple Pro
Xe máy,49,Avent,526,DK S1
Xe máy,49,Avent,529,I8s
Xe máy,49,Avent,534,Le Lemon
Xe máy,49,Avent,531,Marus
Xe máy,49,Avent,528,Mini Scooter 8in
Xe máy,49,Avent,532,Potato
Xe máy,49,Avent,530,Supreme III
Xe máy,49,Avent,527,Supreme IV
Xe máy,49,Avent,521,Supreme V
Xe máy,49,Avent,523,Uno
Xe máy,49,Avent,520,VC S8
Xe máy,49,Avent,522,XBull Go
Xe máy,49,Avent,525,XBull X4
Xe máy,49,Avent,524,XBull X4 Pro
Xe máy,5,SYM,348,Amigo
Xe máy,5,SYM,40,Angela
Xe máy,5,SYM,39,Attila
Xe máy,5,SYM,41,Bonus
Xe máy,5,SYM,42,Cello
Xe máy,5,SYM,43,Elegant
Xe máy,5,SYM,346,Elite
Xe máy,5,SYM,347,Elizabeth
Xe máy,5,SYM,44,Enjoy
Xe máy,5,SYM,680,EV Elite
Xe máy,5,SYM,45,EZ
Xe máy,5,SYM,46,Fiddle
Xe máy,5,SYM,47,Galaxy
Xe máy,5,SYM,69,Husky
Xe máy,5,SYM,48,Joyride
Xe máy,5,SYM,49,Magic
Xe máy,5,SYM,485,Priti
Xe máy,5,SYM,50,Sanda Boss
Xe máy,5,SYM,51,Shark
Xe máy,5,SYM,52,Star
Xe máy,5,SYM,53,Symphony
Xe máy,5,SYM,615,TPBW
Xe máy,5,SYM,286,Venus
Xe máy,5,SYM,54,Wolf
Xe máy,5,SYM,55,Dòng khác
Xe máy,50,Dibao,550,Dòng khác
Xe máy,50,Dibao,538,Creer Nile
Xe máy,50,Dibao,548,Gogo Cross
Xe máy,50,Dibao,546,Gogo Crown
Xe máy,50,Dibao,541,Gogo Moon
Xe máy,50,Dibao,545,Keva
Xe máy,50,Dibao,547,LS007
Xe máy,50,Dibao,544,MXS
Xe máy,50,Dibao,539,Pansy Dio
Xe máy,50,Dibao,536,Pansy S3
Xe máy,50,Dibao,537,Pansy S4
Xe máy,50,Dibao,542,Rosa
Xe máy,50,Dibao,549,Tesla Chic
Xe máy,50,Dibao,540,Tesla Dio
Xe máy,50,Dibao,543,Tesla X
Xe máy,51,Osakar,567,Dòng khác
Xe máy,51,Osakar,560,Besta
Xe máy,51,Osakar,557,Classy SI
Xe máy,51,Osakar,564,Gogo Fiona
Xe máy,51,Osakar,563,Gogo Stella
Xe máy,51,Osakar,565,Heidi
Xe máy,51,Osakar,559,Mandi
Xe máy,51,Osakar,555,Nispa Limited
Xe máy,51,Osakar,552,Nispa Lumia
Xe máy,51,Osakar,562,Nispa Vera
Xe máy,51,Osakar,551,Nispa Vera X
Xe máy,51,Osakar,553,Nispa Viora
Xe máy,51,Osakar,561,Nispa Viva
Xe máy,51,Osakar,554,Nispa Viva X
Xe máy,51,Osakar,556,Rova
Xe máy,51,Osakar,566,X8
Xe máy,51,Osakar,558,Xmen Pro
Xe máy,52,Kumatsu,574,Dòng khác
Xe máy,52,Kumatsu,570,133DS20
Xe máy,52,Kumatsu,568,Gogo
Xe máy,52,Kumatsu,571,M133
Xe máy,52,Kumatsu,572,V6
Xe máy,52,Kumatsu,573,XBull
Xe máy,52,Kumatsu,569,Xmen
Xe máy,53,Before All,591,Dòng khác
Xe máy,53,Before All,581,Bat S
Xe máy,53,Before All,588,BC1
Xe máy,53,Before All,577,BF
Xe máy,53,Before All,578,Faro
Xe máy,53,Before All,587,Garow
Xe máy,53,Before All,582,GoPath SI
Xe máy,53,Before All,604,Latina SI
Xe máy,53,Before All,580,Latina V
Xe máy,53,Before All,585,Livego
Xe máy,53,Before All,579,Napoli S2.0
Xe máy,53,Before All,590,S3E
Xe máy,53,Before All,589,S6
Xe máy,53,Before All,576,S7
Xe máy,53,Before All,575,S8
Xe máy,53,Before All,583,Xmen Captain SI
Xe máy,53,Before All,584,Xmen Sport SI
Xe máy,53,Before All,586,Xmen V10
Xe máy,54,Datbike,602,Dòng khác
Xe máy,54,Datbike,746,Era
Xe máy,54,Datbike,595,Quantum S1
Xe máy,54,Datbike,596,Quantum S2
Xe máy,54,Datbike,597,Quantum S3
Xe máy,54,Datbike,600,Weaver
Xe máy,54,Datbike,598,Weaver++
Xe máy,54,Datbike,599,Weaver 200
Xe máy,55,Zontes,612,Dòng khác
Xe máy,55,Zontes,611,368G
Xe máy,56,CFMoto,624,Dòng khác
Xe máy,56,CFMoto,620,CL
Xe máy,56,CFMoto,621,MT
Xe máy,56,CFMoto,619,NK
Xe máy,56,CFMoto,623,Papio
Xe máy,56,CFMoto,622,SR
Xe máy,57,AIMA,634,Dòng khác
Xe máy,57,AIMA,633,Explorer
Xe máy,57,AIMA,631,INMAI
Xe máy,57,AIMA,628,Jeek
Xe máy,57,AIMA,630,Mine Plus
Xe máy,57,AIMA,629,Mocha
Xe máy,57,AIMA,632,Proud
Xe máy,58,ALLY,639,Dòng khác
Xe máy,58,ALLY,635,Autosun A1
Xe máy,58,ALLY,636,Autosun A3
Xe máy,58,ALLY,637,Autosun A5
Xe máy,58,ALLY,638,Vegas EVS1
Xe máy,59,Anbico,644,Dòng khác
Xe máy,59,Anbico,640,Valerio
Xe máy,59,Anbico,641,Vespas
Xe máy,59,Anbico,642,X-Men
Xe máy,59,Anbico,643,Zoomer
Xe máy,6,Aprilia,112,2015 RSV4 R APRC ABS
Xe máy,6,Aprilia,113,2015 Tuono V4 R APRC ABS
Xe máy,6,Aprilia,114,Caponord 1200 ABS Rally
Xe máy,6,Aprilia,115,Caponord 1200 ABS Travel Pack
Xe máy,6,Aprilia,116,Dorsoduro 750 ABS
Xe máy,6,Aprilia,117,RSV4 RF
Xe máy,6,Aprilia,118,RSV4 RF LE
Xe máy,6,Aprilia,119,RSV4 RR
Xe máy,6,Aprilia,120,Shiver 750
Xe máy,6,Aprilia,121,SR MOTARD 50
Xe máy,6,Aprilia,122,Tuono V4 1100 Factory ABS
Xe máy,6,Aprilia,123,Tuono V4 1100 RR ABS
Xe máy,6,Aprilia,428,SR GT 200
Xe máy,6,Aprilia,124,Dòng khác
Xe máy,60,Asama,726,Dòng khác
Xe máy,61,BMX,725,Dòng khác
Xe máy,62,Bridgestone,724,Dòng khác
Xe máy,63,Espero (Detech),653,Dòng khác
Xe máy,63,Espero (Detech),647,Classic Ultra
Xe máy,63,Espero (Detech),646,Diamond Plus
Xe máy,63,Espero (Detech),645,Engima
Xe máy,63,Espero (Detech),645,Enigma
Xe máy,63,Espero (Detech),648,GOGO-F1 Pro
Xe máy,63,Espero (Detech),649,GOGO-F2 Pro
Xe máy,63,Espero (Detech),650,T-Rex
Xe máy,63,Espero (Detech),652,XMEN CPI-1
Xe máy,63,Espero (Detech),651,XMEN Monster V
Xe máy,64,Giant,655,Dòng khác
Xe máy,64,Giant,734,133S
Xe máy,64,Giant,654,M133R
Xe máy,65,Hitasa,723,Dòng khác
Xe máy,66,HK Bike,722,Dòng khác
Xe máy,67,Hyundai,721,Dòng khác
Xe máy,68,Kingda,720,Dòng khác
Xe máy,69,Lifan,657,Dòng khác
Xe máy,69,Lifan,656,E-Bike 1000W
Xe máy,7,Bazan,125,Dream
Xe máy,7,Bazan,126,Dòng khác
Xe máy,70,MBI,719,Dòng khác
Xe máy,71,Motor Thái,659,Dòng khác
Xe máy,71,Motor Thái,658,Xmen Motor Thái
Xe máy,72,Nijia,718,Dòng khác
Xe máy,73,NIU,665,Dòng khác
Xe máy,73,NIU,663,Gova 03
Xe máy,73,NIU,664,Gova C0
Xe máy,73,NIU,662,MQi+ Sport
Xe máy,73,NIU,661,NQi Pro
Xe máy,73,NIU,660,NQiS
Xe máy,74,Pega,670,Dòng khác
Xe máy,74,Pega,667,Aura+
Xe máy,74,Pega,666,eSP
Xe máy,74,Pega,668,Newtech
Xe máy,74,Pega,735,X-Men+
Xe máy,74,Pega,669,X-Men 9 (Trans)
Xe máy,75,Selex Motors,675,Dòng khác
Xe máy,75,Selex Motors,673,Camel 1
Xe máy,75,Selex Motors,674,Camel 2
Xe máy,76,Sonsu,717,Dòng khác
Xe máy,77,Sunra,679,Dòng khác
Xe máy,77,Sunra,676,Legend
Xe máy,77,Sunra,677,Miku
Xe máy,77,Sunra,678,Robo-S
Xe máy,78,Suzika,716,Dòng khác
Xe máy,79,TAILG,689,Dòng khác
Xe máy,79,TAILG,683,F52
Xe máy,79,TAILG,741,Gogo R31
Xe máy,79,TAILG,687,GX30
Xe máy,79,TAILG,737,Power F52
Xe máy,79,TAILG,682,Queen R71
Xe máy,79,TAILG,684,R51
Xe máy,79,TAILG,685,R52
Xe máy,79,TAILG,686,R53
Xe máy,79,TAILG,681,T71
Xe máy,79,TAILG,736,T71 Vario
Xe máy,79,TAILG,738,Venus R53
Xe máy,79,TAILG,739,Vera R51
Xe máy,79,TAILG,740,Vera R52
Xe máy,79,TAILG,688,X51
Xe máy,8,Benelli,313,302R
Xe máy,8,Benelli,179,BN 302
Xe máy,8,Benelli,180,BN 600i
Xe máy,8,Benelli,310,Caffe Nero
Xe máy,8,Benelli,311,Pepe
Xe máy,8,Benelli,315,T15
Xe máy,8,Benelli,312,TNT
Xe máy,8,Benelli,314,TRK
Xe máy,8,Benelli,389,RFS
Xe máy,8,Benelli,316,VLM
Xe máy,8,Benelli,181,Dòng khác
Xe máy,80,Victoria,700,Dòng khác
Xe máy,80,Victoria,695,Crea V69
Xe máy,80,Victoria,694,Gogo V68
Xe máy,80,Victoria,693,Gogo V86
Xe máy,80,Victoria,692,V38 Pro
Xe máy,80,Victoria,690,V88
Xe máy,80,Victoria,691,V89 Pro
Xe máy,80,Victoria,697,Viral Pro
Xe máy,80,Victoria,696,Viral S1
Xe máy,80,Victoria,699,Xmen Xpro Legend
Xe máy,80,Victoria,698,X-Sport 2
Xe máy,81,Việt Thái,705,Dòng khác
Xe máy,81,Việt Thái,703,Gogo
Xe máy,81,Việt Thái,701,Vespro
Xe máy,81,Việt Thái,702,Xmen Sport
Xe máy,81,Việt Thái,704,XStar
Xe máy,82,Xiaomi,715,Dòng khác
Xe máy,83,Xmen,714,Dòng khác
Xe máy,84,Zongshen,712,Dòng khác
Xe máy,84,Zongshen,711,Cineco e-Classic
Xe máy,84,Zongshen,710,Pretty 966
Xe máy,85,Zoomer,713,Dòng khác
Xe máy,9,BMW,398,C400X
Xe máy,9,BMW,399,C400GT
Xe máy,9,BMW,318,C600
Xe máy,9,BMW,319,C650
Xe máy,9,BMW,320,F800
Xe máy,9,BMW,183,F800GS
Xe máy,9,BMW,182,R nine T
Xe máy,9,BMW,317,R1200
Xe máy,9,BMW,184,S1000R
Xe máy,9,BMW,185,S1000RR
Xe máy,9,BMW,186,Dòng khác
Ô tô,1,Kia,1,Avella
Ô tô,1,Kia,3,Cadenza
Ô tô,1,Kia,4,Carens
Ô tô,1,Kia,5,Carnival
Ô tô,1,Kia,990,CD5
Ô tô,1,Kia,6,Cerato
Ô tô,1,Kia,1061,Cerato Koup
Ô tô,1,Kia,7,Clarus
Ô tô,1,Kia,8,Concord
Ô tô,1,Kia,9,Enterprise
Ô tô,1,Kia,1194,EV3
Ô tô,1,Kia,10,Forte
Ô tô,1,Kia,12,Jeep
Ô tô,1,Kia,13,Joice
Ô tô,1,Kia,15,K3
Ô tô,1,Kia,1258,K4
Ô tô,1,Kia,17,K5
Ô tô,1,Kia,18,K7
Ô tô,1,Kia,19,Lotze
Ô tô,1,Kia,20,Magentis
Ô tô,1,Kia,21,Morning
Ô tô,1,Kia,22,Opirus
Ô tô,1,Kia,23,Optima
Ô tô,1,Kia,24,Picanto
Ô tô,1,Kia,25,Potentia
Ô tô,1,Kia,26,Pregio
Ô tô,1,Kia,27,Pride
Ô tô,1,Kia,1075,Quoris
Ô tô,1,Kia,28,Ray
Ô tô,1,Kia,29,Retona
Ô tô,1,Kia,30,Rio
Ô tô,1,Kia,31,Roadster
Ô tô,1,Kia,32,Rondo
Ô tô,1,Kia,33,Sedona
Ô tô,1,Kia,1098,Seltos
Ô tô,1,Kia,34,Sephia
Ô tô,1,Kia,1091,Soluto
Ô tô,1,Kia,1109,Sonet
Ô tô,1,Kia,35,Sorento
Ô tô,1,Kia,36,Soul
Ô tô,1,Kia,37,Spectra
Ô tô,1,Kia,38,Sportage
Ô tô,1,Kia,39,Visto
Ô tô,1,Kia,40,Dòng khác
Ô tô,10,Daewoo,342,Aranos
Ô tô,10,Daewoo,343,Arcadia
Ô tô,10,Daewoo,344,Brougham
Ô tô,10,Daewoo,345,Chairman
Ô tô,10,Daewoo,346,Cielo
Ô tô,10,Daewoo,347,Damas
Ô tô,10,Daewoo,348,Espero
Ô tô,10,Daewoo,349,Evanda
Ô tô,10,Daewoo,350,Gentra
Ô tô,10,Daewoo,351,GentraX
Ô tô,10,Daewoo,352,Istana
Ô tô,10,Daewoo,353,Kalos
Ô tô,10,Daewoo,354,Karando
Ô tô,10,Daewoo,355,Labo
Ô tô,10,Daewoo,356,Lacetti
Ô tô,10,Daewoo,357,Lanos
Ô tô,10,Daewoo,358,Leganza
Ô tô,10,Daewoo,359,Lublin
Ô tô,10,Daewoo,360,Magnus
Ô tô,10,Daewoo,361,Matiz
Ô tô,10,Daewoo,362,Musso
Ô tô,10,Daewoo,363,Nexia
Ô tô,10,Daewoo,364,Nubira
Ô tô,10,Daewoo,365,Polonez
Ô tô,10,Daewoo,366,Prince
Ô tô,10,Daewoo,367,Racer
Ô tô,10,Daewoo,368,Rexton
Ô tô,10,Daewoo,369,Rezzo
Ô tô,10,Daewoo,370,Tico
Ô tô,10,Daewoo,371,Winstorm
Ô tô,10,Daewoo,372,Dòng khác
Ô tô,11,Daihatsu,1038,Ayla
Ô tô,11,Daihatsu,373,Charade
Ô tô,11,Daihatsu,374,Citivan
Ô tô,11,Daihatsu,1039,Gran Max
Ô tô,11,Daihatsu,375,Hijet
Ô tô,11,Daihatsu,1040,Sirion
Ô tô,11,Daihatsu,376,Terios
Ô tô,11,Daihatsu,377,Dòng khác
Ô tô,12,Fiat,1176,124 Spider
Ô tô,12,Fiat,378,126
Ô tô,12,Fiat,379,500
Ô tô,12,Fiat,380,Albea
Ô tô,12,Fiat,381,Bravo
Ô tô,12,Fiat,382,Cinquecento
Ô tô,12,Fiat,383,Coupe
Ô tô,12,Fiat,384,Doblo
Ô tô,12,Fiat,385,Ducato
Ô tô,12,Fiat,386,Punto
Ô tô,12,Fiat,387,Regata
Ô tô,12,Fiat,388,Seicento
Ô tô,12,Fiat,389,Siena
Ô tô,12,Fiat,390,Strada
Ô tô,12,Fiat,391,Talento
Ô tô,12,Fiat,392,Tempra
Ô tô,12,Fiat,393,Tipo
Ô tô,12,Fiat,394,Uno
Ô tô,12,Fiat,395,Dòng khác
Ô tô,13,Isuzu,396,Amigo
Ô tô,13,Isuzu,397,Ascender
Ô tô,13,Isuzu,398,Aska
Ô tô,13,Isuzu,399,D Cargo
Ô tô,13,Isuzu,400,Dmax
Ô tô,13,Isuzu,401,FVR
Ô tô,13,Isuzu,402,Gemini
Ô tô,13,Isuzu,403,Hi lander
Ô tô,13,Isuzu,404,Midi
Ô tô,13,Isuzu,1041,Mu X
Ô tô,13,Isuzu,405,NLR
Ô tô,13,Isuzu,406,NMR
Ô tô,13,Isuzu,407,NPR
Ô tô,13,Isuzu,408,NQR
Ô tô,13,Isuzu,409,Pick up
Ô tô,13,Isuzu,410,QKR
Ô tô,13,Isuzu,411,Rodeo
Ô tô,13,Isuzu,412,Trooper
Ô tô,13,Isuzu,413,Turkuaz
Ô tô,13,Isuzu,414,Dòng khác
Ô tô,14,Jeep,415,A2
Ô tô,14,Jeep,416,Cherokee
Ô tô,14,Jeep,417,CJ
Ô tô,14,Jeep,1016,Compass
Ô tô,14,Jeep,1287,Gladiator
Ô tô,14,Jeep,418,Grand Cherokee
Ô tô,14,Jeep,1231,Grand Cherokee L
Ô tô,14,Jeep,419,Liberty
Ô tô,14,Jeep,1014,Patriot
Ô tô,14,Jeep,1013,Pickup
Ô tô,14,Jeep,1015,Renegade
Ô tô,14,Jeep,420,Wrangler
Ô tô,14,Jeep,421,Dòng khác
Ô tô,15,Lexus,422,CT
Ô tô,15,Lexus,423,ES
Ô tô,15,Lexus,424,GS
Ô tô,15,Lexus,425,GX
Ô tô,15,Lexus,426,HS
Ô tô,15,Lexus,427,IS
Ô tô,15,Lexus,997,LC
Ô tô,15,Lexus,1219,LM
Ô tô,15,Lexus,1121,LM350
Ô tô,15,Lexus,1220,LM500h
Ô tô,15,Lexus,428,LS
Ô tô,15,Lexus,429,LX
Ô tô,15,Lexus,1320,LX570
Ô tô,15,Lexus,1124,LX 600
Ô tô,15,Lexus,430,NX
Ô tô,15,Lexus,998,RC
Ô tô,15,Lexus,431,RX
Ô tô,15,Lexus,432,SC
Ô tô,15,Lexus,433,SL
Ô tô,15,Lexus,996,UX
Ô tô,15,Lexus,434,Dòng khác
Ô tô,16,Mercedes Benz,435,190
Ô tô,16,Mercedes Benz,436,A Class
Ô tô,16,Mercedes Benz,1160,AMG
Ô tô,16,Mercedes Benz,1292,AMG SL
Ô tô,16,Mercedes Benz,437,Atego
Ô tô,16,Mercedes Benz,438,B Class
Ô tô,16,Mercedes Benz,439,C Class
Ô tô,16,Mercedes Benz,441,CLA Class
Ô tô,16,Mercedes Benz,440,CL Class
Ô tô,16,Mercedes Benz,442,CLK Class
Ô tô,16,Mercedes Benz,443,CLS Class
Ô tô,16,Mercedes Benz,444,E Class
Ô tô,16,Mercedes Benz,1241,EQB
Ô tô,16,Mercedes Benz,1242,EQE SUV
Ô tô,16,Mercedes Benz,1243,EQS
Ô tô,16,Mercedes Benz,1291,EQS SUV
Ô tô,16,Mercedes Benz,1306,G 580
Ô tô,16,Mercedes Benz,445,G Class
Ô tô,16,Mercedes Benz,447,GLA Class
Ô tô,16,Mercedes Benz,1093,GLB
Ô tô,16,Mercedes Benz,448,GLC
Ô tô,16,Mercedes Benz,1060,GLC Class
Ô tô,16,Mercedes Benz,446,GL Class
Ô tô,16,Mercedes Benz,449,GLE Class
Ô tô,16,Mercedes Benz,450,GLK Class
Ô tô,16,Mercedes Benz,1316,GLS
Ô tô,16,Mercedes Benz,1077,GLS Class
Ô tô,16,Mercedes Benz,1161,GT Coupe
Ô tô,16,Mercedes Benz,1072,Maybach
Ô tô,16,Mercedes Benz,1265,Maybach EQS
Ô tô,16,Mercedes Benz,1293,Maybach EQS SUV
Ô tô,16,Mercedes Benz,452,MB
Ô tô,16,Mercedes Benz,451,M Class
Ô tô,16,Mercedes Benz,453,ML Class
Ô tô,16,Mercedes Benz,454,R Class
Ô tô,16,Mercedes Benz,455,S Class
Ô tô,16,Mercedes Benz,456,SL Class
Ô tô,16,Mercedes Benz,457,SLK Class
Ô tô,16,Mercedes Benz,458,SLR Mclaren
Ô tô,16,Mercedes Benz,459,Sprinter
Ô tô,16,Mercedes Benz,460,SR Class
Ô tô,16,Mercedes Benz,462,Vaneo
Ô tô,16,Mercedes Benz,461,V Class
Ô tô,16,Mercedes Benz,463,Viano
Ô tô,16,Mercedes Benz,464,Vito
Ô tô,16,Mercedes Benz,465,Dòng khác
Ô tô,17,MINI,1302,3 Door
Ô tô,17,MINI,1303,5 Door
Ô tô,17,MINI,1122,Clubman
Ô tô,17,MINI,466,Cooper
Ô tô,17,MINI,1309,Cooper S
Ô tô,17,MINI,1274,Countryman
Ô tô,17,MINI,1304,JCW
Ô tô,17,MINI,467,One
Ô tô,17,MINI,468,Dòng khác
Ô tô,18,Mitsubishi,469,3000GT
Ô tô,18,Mitsubishi,470,Airtek
Ô tô,18,Mitsubishi,471,Attrage
Ô tô,18,Mitsubishi,473,Challenger
Ô tô,18,Mitsubishi,474,Chariot
Ô tô,18,Mitsubishi,475,Colt
Ô tô,18,Mitsubishi,1319,Destinator
Ô tô,18,Mitsubishi,476,Diamante
Ô tô,18,Mitsubishi,477,Dion
Ô tô,18,Mitsubishi,478,Eclipse
Ô tô,18,Mitsubishi,479,EK Wagon
Ô tô,18,Mitsubishi,480,Galant
Ô tô,18,Mitsubishi,481,Grandis
Ô tô,18,Mitsubishi,482,Grunder
Ô tô,18,Mitsubishi,483,GTO
Ô tô,18,Mitsubishi,484,Hover
Ô tô,18,Mitsubishi,485,IO
Ô tô,18,Mitsubishi,486,Jeep
Ô tô,18,Mitsubishi,487,Jolie
Ô tô,18,Mitsubishi,488,L200
Ô tô,18,Mitsubishi,489,L300
Ô tô,18,Mitsubishi,490,L400
Ô tô,18,Mitsubishi,491,Lancer
Ô tô,18,Mitsubishi,492,Libero
Ô tô,18,Mitsubishi,493,Mirage
Ô tô,18,Mitsubishi,494,Montero
Ô tô,18,Mitsubishi,495,Outlander
Ô tô,18,Mitsubishi,1071,Outlander Sport
Ô tô,18,Mitsubishi,496,Pajero
Ô tô,18,Mitsubishi,1070,Pajero Sport
Ô tô,18,Mitsubishi,497,Santamo
Ô tô,18,Mitsubishi,498,Savrin
Ô tô,18,Mitsubishi,499,Sigma
Ô tô,18,Mitsubishi,500,Space Gear
Ô tô,18,Mitsubishi,501,Starion
Ô tô,18,Mitsubishi,502,Triton
Ô tô,18,Mitsubishi,503,Veryca
Ô tô,18,Mitsubishi,1170,XFC
Ô tô,18,Mitsubishi,1233,Xforce
Ô tô,18,Mitsubishi,992,Xpander
Ô tô,18,Mitsubishi,1097,Xpander Cross
Ô tô,18,Mitsubishi,504,Zinger
Ô tô,18,Mitsubishi,505,Dòng khác
Ô tô,19,Nissan,506,100NX
Ô tô,19,Nissan,507,200SX
Ô tô,19,Nissan,508,240SX
Ô tô,19,Nissan,509,300ZX
Ô tô,19,Nissan,510,350Z
Ô tô,19,Nissan,511,370Z
Ô tô,19,Nissan,1107,Almera
Ô tô,19,Nissan,512,Altima
Ô tô,19,Nissan,1177,Ariya
Ô tô,19,Nissan,513,Avenir
Ô tô,19,Nissan,514,Bluebird
Ô tô,19,Nissan,515,Cedric
Ô tô,19,Nissan,516,Cefiro
Ô tô,19,Nissan,517,Cima
Ô tô,19,Nissan,518,Elgrand
Ô tô,19,Nissan,519,Frontier
Ô tô,19,Nissan,520,Gloria
Ô tô,19,Nissan,521,Grand Livina
Ô tô,19,Nissan,522,GT R
Ô tô,19,Nissan,523,Juke
Ô tô,19,Nissan,1135,Kicks
Ô tô,19,Nissan,524,Lago
Ô tô,19,Nissan,525,Laurel
Ô tô,19,Nissan,526,Leaf
Ô tô,19,Nissan,527,Liberty
Ô tô,19,Nissan,528,Livina
Ô tô,19,Nissan,529,Maxima
Ô tô,19,Nissan,530,Micra
Ô tô,19,Nissan,531,Moco
Ô tô,19,Nissan,532,Murano
Ô tô,19,Nissan,533,Navara
Ô tô,19,Nissan,534,NV
Ô tô,19,Nissan,535,Pathfinder
Ô tô,19,Nissan,536,Patrol
Ô tô,19,Nissan,537,Pick up
Ô tô,19,Nissan,538,Pixo
Ô tô,19,Nissan,539,Prairie
Ô tô,19,Nissan,540,Presage
Ô tô,19,Nissan,541,President
Ô tô,19,Nissan,542,Primastar
Ô tô,19,Nissan,543,Primera
Ô tô,19,Nissan,544,Pulsar
Ô tô,19,Nissan,545,Qashqai
Ô tô,19,Nissan,546,Quest
Ô tô,19,Nissan,547,Rasheen
Ô tô,19,Nissan,548,Rogue
Ô tô,19,Nissan,549,Safari
Ô tô,19,Nissan,550,Sentra
Ô tô,19,Nissan,551,Serena
Ô tô,19,Nissan,552,Silvia
Ô tô,19,Nissan,553,Skyline
Ô tô,19,Nissan,554,Stagea
Ô tô,19,Nissan,555,Sunny
Ô tô,19,Nissan,556,Teana
Ô tô,19,Nissan,1286,Terra
Ô tô,19,Nissan,557,Terrano
Ô tô,19,Nissan,558,Tiida
Ô tô,19,Nissan,559,Tino
Ô tô,19,Nissan,560,Urvan
Ô tô,19,Nissan,561,Vanette
Ô tô,19,Nissan,562,X Terra
Ô tô,19,Nissan,563,X Trail
Ô tô,19,Nissan,564,Dòng khác
Ô tô,2,Toyota,41,4 Runner
Ô tô,2,Toyota,42,86
Ô tô,2,Toyota,43,Allion
Ô tô,2,Toyota,44,Alphard
Ô tô,2,Toyota,45,Altezza
Ô tô,2,Toyota,46,Aristo
Ô tô,2,Toyota,47,Aurion
Ô tô,2,Toyota,48,Avalon
Ô tô,2,Toyota,989,Avanza Premio
Ô tô,2,Toyota,49,Avensis
Ô tô,2,Toyota,50,Aygo
Ô tô,2,Toyota,51,Brevis
Ô tô,2,Toyota,52,Caldina
Ô tô,2,Toyota,53,Cami
Ô tô,2,Toyota,54,Camry
Ô tô,2,Toyota,55,Carina
Ô tô,2,Toyota,56,Celica
Ô tô,2,Toyota,57,Century
Ô tô,2,Toyota,58,Chaser
Ô tô,2,Toyota,59,Corolla
Ô tô,2,Toyota,60,Corolla Altis
Ô tô,2,Toyota,1095,Corolla Cross
Ô tô,2,Toyota,61,Corona
Ô tô,2,Toyota,62,Cressida
Ô tô,2,Toyota,63,Cresta
Ô tô,2,Toyota,64,Crown
Ô tô,2,Toyota,65,Estima
Ô tô,2,Toyota,66,Fj Cruiser
Ô tô,2,Toyota,67,Fortuner
Ô tô,2,Toyota,1297,Granvia
Ô tô,2,Toyota,68,Hiace
Ô tô,2,Toyota,69,Highlander
Ô tô,2,Toyota,70,Hilux
Ô tô,2,Toyota,71,Innova
Ô tô,2,Toyota,1173,Innova Cross
Ô tô,2,Toyota,72,Ipsum
Ô tô,2,Toyota,73,IQ
Ô tô,2,Toyota,74,Land Cruiser
Ô tô,2,Toyota,1298,Land Cruiser LC300
Ô tô,2,Toyota,1067,Land Cruiser Prado
Ô tô,2,Toyota,75,Liteace
Ô tô,2,Toyota,76,Mark II
Ô tô,2,Toyota,77,Matrix
Ô tô,2,Toyota,78,Mega Cruiser
Ô tô,2,Toyota,79,MR 2
Ô tô,2,Toyota,80,Picnic
Ô tô,2,Toyota,81,Platz
Ô tô,2,Toyota,82,Prado
Ô tô,2,Toyota,83,Previa
Ô tô,2,Toyota,84,Prius
Ô tô,2,Toyota,85,Progres
Ô tô,2,Toyota,1108,Raize
Ô tô,2,Toyota,86,Raum
Ô tô,2,Toyota,87,RAV4
Ô tô,2,Toyota,1078,Rush
Ô tô,2,Toyota,88,Sequoia
Ô tô,2,Toyota,89,Sera
Ô tô,2,Toyota,90,Sienna
Ô tô,2,Toyota,91,Soarer
Ô tô,2,Toyota,92,Solara
Ô tô,2,Toyota,93,Starlet
Ô tô,2,Toyota,94,Supra
Ô tô,2,Toyota,95,Tacoma
Ô tô,2,Toyota,96,Tercel
Ô tô,2,Toyota,97,Townace
Ô tô,2,Toyota,98,Tundra
Ô tô,2,Toyota,1158,Veloz Cross
Ô tô,2,Toyota,99,Venza
Ô tô,2,Toyota,100,Verossa
Ô tô,2,Toyota,101,Vios
Ô tô,2,Toyota,102,Vista
Ô tô,2,Toyota,987,Wigo
Ô tô,2,Toyota,103,Wish
Ô tô,2,Toyota,104,XA
Ô tô,2,Toyota,105,Yaris
Ô tô,2,Toyota,1174,Yaris Cross
Ô tô,2,Toyota,106,Yaris Verso
Ô tô,2,Toyota,107,Zace
Ô tô,2,Toyota,108,Dòng khác
Ô tô,20,Peugeot,565,107
Ô tô,20,Peugeot,1105,2008
Ô tô,20,Peugeot,566,205
Ô tô,20,Peugeot,567,206
Ô tô,20,Peugeot,568,207
Ô tô,20,Peugeot,569,208
Ô tô,20,Peugeot,570,3008
Ô tô,20,Peugeot,571,305
Ô tô,20,Peugeot,572,306
Ô tô,20,Peugeot,573,307
Ô tô,20,Peugeot,574,308
Ô tô,20,Peugeot,575,309
Ô tô,20,Peugeot,576,404
Ô tô,20,Peugeot,577,405
Ô tô,20,Peugeot,578,406
Ô tô,20,Peugeot,579,408
Ô tô,20,Peugeot,1023,5008
Ô tô,20,Peugeot,580,505
Ô tô,20,Peugeot,581,508
Ô tô,20,Peugeot,582,605
Ô tô,20,Peugeot,583,607
Ô tô,20,Peugeot,584,Boxer
Ô tô,20,Peugeot,585,J5
Ô tô,20,Peugeot,586,RCZ
Ô tô,20,Peugeot,1090,Traveller
Ô tô,20,Peugeot,587,Dòng khác
Ô tô,21,Smart,588,Coupe
Ô tô,21,Smart,589,Forfour
Ô tô,21,Smart,590,Fortwo
Ô tô,21,Smart,591,Roadster
Ô tô,21,Smart,592,Dòng khác
Ô tô,22,Suzuki,593,Aerio
Ô tô,22,Suzuki,594,Alto
Ô tô,22,Suzuki,595,APV
Ô tô,22,Suzuki,596,Balenno
Ô tô,22,Suzuki,1030,Celerio
Ô tô,22,Suzuki,1031,Ciaz
Ô tô,22,Suzuki,598,Cultis wagon
Ô tô,22,Suzuki,1337,Eeco
Ô tô,22,Suzuki,599,Ertiga
Ô tô,22,Suzuki,1324,E Vitara
Ô tô,22,Suzuki,1325,Fronx
Ô tô,22,Suzuki,600,Grand vitara
Ô tô,22,Suzuki,1232,Jimny
Ô tô,22,Suzuki,601,Liana
Ô tô,22,Suzuki,602,Samirai
Ô tô,22,Suzuki,603,SJ
Ô tô,22,Suzuki,1288,Super Carry Van
Ô tô,22,Suzuki,606,Swift
Ô tô,22,Suzuki,607,Twin
Ô tô,22,Suzuki,608,Vitara
Ô tô,22,Suzuki,609,Wagon R+
Ô tô,22,Suzuki,610,XL 7
Ô tô,22,Suzuki,611,Dòng khác
Ô tô,23,Volkswagen,612,Beetle
Ô tô,23,Volkswagen,613,Bora
Ô tô,23,Volkswagen,614,California
Ô tô,23,Volkswagen,631,Dòng khác
Ô tô,23,Volkswagen,615,Eos
Ô tô,23,Volkswagen,616,Golf
Ô tô,23,Volkswagen,617,Jetta
Ô tô,23,Volkswagen,618,Multivan
Ô tô,23,Volkswagen,619,New Beetle
Ô tô,23,Volkswagen,620,Passat
Ô tô,23,Volkswagen,621,Phaeton
Ô tô,23,Volkswagen,622,Polo
Ô tô,23,Volkswagen,623,Routan
Ô tô,23,Volkswagen,624,Scirocco
Ô tô,23,Volkswagen,625,Sharan
Ô tô,23,Volkswagen,626,Solo
Ô tô,23,Volkswagen,1127,T-Cross
Ô tô,23,Volkswagen,1110,Teramont
Ô tô,23,Volkswagen,1230,Teramont X
Ô tô,23,Volkswagen,627,Tiguan
Ô tô,23,Volkswagen,628,Touareg
Ô tô,23,Volkswagen,629,Transporter
Ô tô,23,Volkswagen,630,Vento
Ô tô,23,Volkswagen,1229,Viloran
Ô tô,23,Volkswagen,1159,Virtus
Ô tô,24,Hãng khác,979,Dòng khác
Ô tô,25,Acura,632,CL
Ô tô,25,Acura,633,EL
Ô tô,25,Acura,634,ILX
Ô tô,25,Acura,635,Intergra
Ô tô,25,Acura,636,Legend
Ô tô,25,Acura,637,MDX
Ô tô,25,Acura,638,RDX
Ô tô,25,Acura,639,RL
Ô tô,25,Acura,1036,RLX
Ô tô,25,Acura,640,TL
Ô tô,25,Acura,1037,TLX
Ô tô,25,Acura,641,TSX
Ô tô,25,Acura,642,Vigor
Ô tô,25,Acura,643,ZDX
Ô tô,25,Acura,644,Dòng khác
Ô tô,26,Alfa Romeo,999,159
Ô tô,26,Alfa Romeo,690,GT
Ô tô,26,Alfa Romeo,691,Spider
Ô tô,26,Alfa Romeo,692,Dòng khác
Ô tô,27,Asia,693,Dòng khác
Ô tô,28,Aston Martin,1000,DB11
Ô tô,28,Aston Martin,694,DB7
Ô tô,28,Aston Martin,1001,DB9
Ô tô,28,Aston Martin,1295,DBX
Ô tô,28,Aston Martin,1136,DBX707
Ô tô,28,Aston Martin,695,Lagonda
Ô tô,28,Aston Martin,696,Rapide
Ô tô,28,Aston Martin,697,Vanquish
Ô tô,28,Aston Martin,698,Vantage
Ô tô,28,Aston Martin,699,Virage
Ô tô,28,Aston Martin,700,Zagato
Ô tô,28,Aston Martin,701,Dòng khác
Ô tô,29,Baic,1101,Beijing X7
Ô tô,29,Baic,702,BJ100 Concept
Ô tô,29,Baic,703,BJ40
Ô tô,29,Baic,704,CC
Ô tô,29,Baic,705,D50
Ô tô,29,Baic,1178,Q7
Ô tô,29,Baic,706,S3
Ô tô,29,Baic,707,X65
Ô tô,29,Baic,708,Dòng khác
Ô tô,3,Ford,109,Acononline
Ô tô,3,Ford,110,Aerostar
Ô tô,3,Ford,111,Aspire
Ô tô,3,Ford,112,Bronco
Ô tô,3,Ford,1175,Bronco Sport
Ô tô,3,Ford,113,Capri
Ô tô,3,Ford,114,Caravan
Ô tô,3,Ford,115,Cargo
Ô tô,3,Ford,116,Club Wagon
Ô tô,3,Ford,117,Contour
Ô tô,3,Ford,118,Courier
Ô tô,3,Ford,119,Crown Victoria
Ô tô,3,Ford,120,EcoSport
Ô tô,3,Ford,121,Edge
Ô tô,3,Ford,122,Escape
Ô tô,3,Ford,123,Escort
Ô tô,3,Ford,124,Espedition
Ô tô,3,Ford,125,Everest
Ô tô,3,Ford,126,Explorer
Ô tô,3,Ford,127,Express
Ô tô,3,Ford,128,F 150
Ô tô,3,Ford,129,F 350
Ô tô,3,Ford,1087,F 450
Ô tô,3,Ford,130,F 700
Ô tô,3,Ford,131,Fiesta
Ô tô,3,Ford,132,Flex
Ô tô,3,Ford,133,Focus
Ô tô,3,Ford,134,Focus C Max
Ô tô,3,Ford,135,Fucion
Ô tô,3,Ford,136,Galaxie
Ô tô,3,Ford,137,Ka
Ô tô,3,Ford,138,Laser
Ô tô,3,Ford,139,Maverick
Ô tô,3,Ford,140,Mondeo
Ô tô,3,Ford,141,Mustang
Ô tô,3,Ford,1323,Mustang Mach-E
Ô tô,3,Ford,142,Orion
Ô tô,3,Ford,143,Probe
Ô tô,3,Ford,144,Puma
Ô tô,3,Ford,145,Ranger
Ô tô,3,Ford,146,Sierra
Ô tô,3,Ford,147,Taurus
Ô tô,3,Ford,148,Tempo
Ô tô,3,Ford,1120,Territory
Ô tô,3,Ford,1094,Tourneo
Ô tô,3,Ford,149,Transit
Ô tô,3,Ford,150,Windstar
Ô tô,3,Ford,151,Dòng khác
Ô tô,30,Bentley,709,Azure
Ô tô,30,Bentley,1008,Bentayga
Ô tô,30,Bentley,710,Brooklands
Ô tô,30,Bentley,711,Continental
Ô tô,30,Bentley,712,Flying Spur
Ô tô,30,Bentley,713,Mulsanne
Ô tô,30,Bentley,714,Dòng khác
Ô tô,31,Buick,1143,Cascada
Ô tô,31,Buick,715,Electra
Ô tô,31,Buick,1144,Enclave
Ô tô,31,Buick,1145,Encore
Ô tô,31,Buick,1146,Encore GX
Ô tô,31,Buick,1147,Envision
Ô tô,31,Buick,1148,LaCrosse
Ô tô,31,Buick,716,Lasabre
Ô tô,31,Buick,1042,Regal
Ô tô,31,Buick,717,Skylark
Ô tô,31,Buick,1149,Verano
Ô tô,31,Buick,718,Dòng khác
Ô tô,32,BYD,1314,Atto 2
Ô tô,32,BYD,1244,Atto 3
Ô tô,32,BYD,1246,Dolphin
Ô tô,32,BYD,719,F0
Ô tô,32,BYD,1247,Han
Ô tô,32,BYD,1270,M6
Ô tô,32,BYD,1332,M9
Ô tô,32,BYD,1245,Seal
Ô tô,32,BYD,1326,Seal 5
Ô tô,32,BYD,1307,Sealion 6
Ô tô,32,BYD,1308,Sealion 8
Ô tô,32,BYD,1249,Song
Ô tô,32,BYD,1248,Tang
Ô tô,32,BYD,720,Dòng khác
Ô tô,33,Cadillac,721,Allante
Ô tô,33,Cadillac,722,ATS
Ô tô,33,Cadillac,723,Catera
Ô tô,33,Cadillac,1150,CT4
Ô tô,33,Cadillac,1151,CT5
Ô tô,33,Cadillac,1009,CT6
Ô tô,33,Cadillac,724,CTS
Ô tô,33,Cadillac,725,Deville
Ô tô,33,Cadillac,1152,ELR
Ô tô,33,Cadillac,726,Escalade
Ô tô,33,Cadillac,727,Fleetwood
Ô tô,33,Cadillac,1153,Lyriq
Ô tô,33,Cadillac,728,Seville
Ô tô,33,Cadillac,729,SRX
Ô tô,33,Cadillac,730,STS
Ô tô,33,Cadillac,1154,XT4
Ô tô,33,Cadillac,1010,XT5
Ô tô,33,Cadillac,1155,XT6
Ô tô,33,Cadillac,1156,XTS
Ô tô,33,Cadillac,731,Dòng khác
Ô tô,34,Changan,732,CS35
Ô tô,34,Changan,733,CX20
Ô tô,34,Changan,734,Eado
Ô tô,34,Changan,735,G50
Ô tô,34,Changan,736,Honor
Ô tô,34,Changan,737,Dòng khác
Ô tô,35,Chery,1221,Jaecoo 7
Ô tô,35,Chery,1331,Jaecoo J7
Ô tô,35,Chery,1222,Omoda 5
Ô tô,35,Chery,1223,Omoda C5
Ô tô,35,Chery,1340,Omoda C7
Ô tô,35,Chery,738,QQ3
Ô tô,35,Chery,739,Dòng khác
Ô tô,36,Chrysler,740,200
Ô tô,36,Chrysler,741,300C
Ô tô,36,Chrysler,742,300M
Ô tô,36,Chrysler,743,Cruiser
Ô tô,36,Chrysler,744,Grand Voyager
Ô tô,36,Chrysler,745,Intrepid
Ô tô,36,Chrysler,746,Jeep Cherokee
Ô tô,36,Chrysler,747,LeBaron
Ô tô,36,Chrysler,748,Neon
Ô tô,36,Chrysler,749,New Yorker
Ô tô,36,Chrysler,750,PT Cruiser
Ô tô,36,Chrysler,751,Sebring
Ô tô,36,Chrysler,752,Stratus
Ô tô,36,Chrysler,753,Voyager
Ô tô,36,Chrysler,754,Dòng khác
Ô tô,37,Citroen,755,AX
Ô tô,37,Citroen,756,C1
Ô tô,37,Citroen,757,C2
Ô tô,37,Citroen,758,C3
Ô tô,37,Citroen,759,CX
Ô tô,37,Citroen,760,DS3
Ô tô,37,Citroen,761,XM
Ô tô,37,Citroen,762,ZX
Ô tô,37,Citroen,763,Dòng khác
Ô tô,38,Dodge,1180,Calibre
Ô tô,38,Dodge,764,Caravan
Ô tô,38,Dodge,1179,Challenger
Ô tô,38,Dodge,1257,Charger Daytona
Ô tô,38,Dodge,765,Dakota
Ô tô,38,Dodge,766,Durango
Ô tô,38,Dodge,767,Grand Caravan
Ô tô,38,Dodge,768,Journey
Ô tô,38,Dodge,769,Neon
Ô tô,38,Dodge,770,Ram
Ô tô,38,Dodge,771,Stealth
Ô tô,38,Dodge,772,Viper
Ô tô,38,Dodge,773,Voyager
Ô tô,38,Dodge,774,Dòng khác
Ô tô,39,Ferrari,775,456
Ô tô,39,Ferrari,776,458
Ô tô,39,Ferrari,777,575
Ô tô,39,Ferrari,778,California
Ô tô,39,Ferrari,779,F 355
Ô tô,39,Ferrari,780,F 360
Ô tô,39,Ferrari,781,F 512
Ô tô,39,Ferrari,782,Maranello
Ô tô,39,Ferrari,1262,Roma Spider
Ô tô,39,Ferrari,783,Testarossa
Ô tô,39,Ferrari,784,Dòng khác
Ô tô,4,Chevrolet,152,Astro
Ô tô,4,Chevrolet,153,Avanlanche
Ô tô,4,Chevrolet,154,Aveo
Ô tô,4,Chevrolet,155,Beretta
Ô tô,4,Chevrolet,1157,Blazer
Ô tô,4,Chevrolet,1206,Bolt
Ô tô,4,Chevrolet,1207,Bolt EUV
Ô tô,4,Chevrolet,156,Camaro
Ô tô,4,Chevrolet,157,Caprice
Ô tô,4,Chevrolet,158,Captiva
Ô tô,4,Chevrolet,159,Cavalier
Ô tô,4,Chevrolet,160,Chevyvan
Ô tô,4,Chevrolet,161,Colorado
Ô tô,4,Chevrolet,162,Corsica
Ô tô,4,Chevrolet,163,Corvette
Ô tô,4,Chevrolet,164,Cruze
Ô tô,4,Chevrolet,1208,Equinox
Ô tô,4,Chevrolet,165,Explorer
Ô tô,4,Chevrolet,166,Express
Ô tô,4,Chevrolet,167,Impala
Ô tô,4,Chevrolet,168,Ipanema
Ô tô,4,Chevrolet,169,Kalos
Ô tô,4,Chevrolet,170,Lacetti
Ô tô,4,Chevrolet,171,Lumina
Ô tô,4,Chevrolet,172,Malibu
Ô tô,4,Chevrolet,173,Matiz
Ô tô,4,Chevrolet,174,Nubira
Ô tô,4,Chevrolet,175,Orlando
Ô tô,4,Chevrolet,176,Prizm
Ô tô,4,Chevrolet,177,S 10
Ô tô,4,Chevrolet,178,Silverado
Ô tô,4,Chevrolet,1209,Silverado 1500
Ô tô,4,Chevrolet,1210,Sonic
Ô tô,4,Chevrolet,179,Spark
Ô tô,4,Chevrolet,1211,SS
Ô tô,4,Chevrolet,180,SSR
Ô tô,4,Chevrolet,181,Suburban
Ô tô,4,Chevrolet,1212,Tahoe
Ô tô,4,Chevrolet,182,Tracker
Ô tô,4,Chevrolet,1057,Trailblazer
Ô tô,4,Chevrolet,1213,Traverse
Ô tô,4,Chevrolet,986,Trax
Ô tô,4,Chevrolet,183,Venture
Ô tô,4,Chevrolet,184,Vivant
Ô tô,4,Chevrolet,1214,Volt
Ô tô,4,Chevrolet,185,Dòng khác
Ô tô,41,Gaz,791,69
Ô tô,41,Gaz,792,Gazele
Ô tô,41,Gaz,1321,Sobol
Ô tô,41,Gaz,793,Volga
Ô tô,41,Gaz,794,Dòng khác
Ô tô,42,Geely,1290,Coolray
Ô tô,42,Geely,795,Emgrand
Ô tô,42,Geely,796,Englon
Ô tô,42,Geely,1342,EX2
Ô tô,42,Geely,1312,EX5
Ô tô,42,Geely,1313,Monjaro
Ô tô,42,Geely,1347,Okavango
Ô tô,42,Geely,797,Dòng khác
Ô tô,43,GMC,1163,Acadia
Ô tô,43,GMC,1164,Canyon
Ô tô,43,GMC,798,Hummer
Ô tô,43,GMC,799,Savana
Ô tô,43,GMC,1165,Sierra 1500
Ô tô,43,GMC,1166,Terrian
Ô tô,43,GMC,1167,Yukon
Ô tô,43,GMC,800,Dòng khác
Ô tô,44,Haima,801,2
Ô tô,44,Haima,802,3
Ô tô,44,Haima,803,7
Ô tô,44,Haima,1227,7X
Ô tô,44,Haima,1228,7X-E
Ô tô,44,Haima,1226,8S
Ô tô,44,Haima,804,Freema
Ô tô,44,Haima,805,Fstar
Ô tô,44,Haima,806,M3
Ô tô,44,Haima,807,M8
Ô tô,44,Haima,808,S5
Ô tô,44,Haima,809,S7
Ô tô,44,Haima,810,Dòng khác
Ô tô,46,Hummer,815,H2
Ô tô,46,Hummer,816,H3
Ô tô,46,Hummer,817,Dòng khác
Ô tô,47,Infiniti,818,EX
Ô tô,47,Infiniti,819,FX
Ô tô,47,Infiniti,820,G35
Ô tô,47,Infiniti,821,G37
Ô tô,47,Infiniti,822,Q45
Ô tô,47,Infiniti,1011,Q50
Ô tô,47,Infiniti,1062,Q60
Ô tô,47,Infiniti,823,QX
Ô tô,47,Infiniti,1063,QX60
Ô tô,47,Infiniti,1064,QX70
Ô tô,47,Infiniti,1065,QX80
Ô tô,47,Infiniti,824,Dòng khác
Ô tô,48,Jaguar,1296,E Pace
Ô tô,48,Jaguar,825,E Type
Ô tô,48,Jaguar,1012,F PACE
Ô tô,48,Jaguar,826,F Type
Ô tô,48,Jaguar,827,S Type
Ô tô,48,Jaguar,829,XE
Ô tô,48,Jaguar,830,XF
Ô tô,48,Jaguar,831,XJ series
Ô tô,48,Jaguar,832,XK series
Ô tô,48,Jaguar,828,X Type
Ô tô,48,Jaguar,833,Dòng khác
Ô tô,49,Lada,834,110
Ô tô,49,Lada,835,2104
Ô tô,49,Lada,836,2105
Ô tô,49,Lada,837,2106
Ô tô,49,Lada,838,2107
Ô tô,49,Lada,839,2108
Ô tô,49,Lada,840,2109
Ô tô,49,Lada,841,2112
Ô tô,49,Lada,842,2121
Ô tô,49,Lada,1050,320
Ô tô,49,Lada,1048,4x4
Ô tô,49,Lada,1043,Granta
Ô tô,49,Lada,1044,Kalina
Ô tô,49,Lada,1047,Largus
Ô tô,49,Lada,843,Niva
Ô tô,49,Lada,1045,Priora
Ô tô,49,Lada,844,Samara
Ô tô,49,Lada,1046,Vesta
Ô tô,49,Lada,1049,XRay
Ô tô,49,Lada,845,Dòng khác
Ô tô,5,Hyundai,187,Accent
Ô tô,5,Hyundai,188,Atos
Ô tô,5,Hyundai,189,Avante
Ô tô,5,Hyundai,186,Azera
Ô tô,5,Hyundai,190,Centennial
Ô tô,5,Hyundai,191,Click
Ô tô,5,Hyundai,192,County
Ô tô,5,Hyundai,193,Coupe
Ô tô,5,Hyundai,194,Creta
Ô tô,5,Hyundai,1168,Custin
Ô tô,5,Hyundai,195,Dynasty
Ô tô,5,Hyundai,196,Elantra
Ô tô,5,Hyundai,197,eMighty
Ô tô,5,Hyundai,198,Eon
Ô tô,5,Hyundai,199,Equus
Ô tô,5,Hyundai,200,Excel
Ô tô,5,Hyundai,1345,Exter
Ô tô,5,Hyundai,201,Galloper
Ô tô,5,Hyundai,202,Genesis
Ô tô,5,Hyundai,203,Getz
Ô tô,5,Hyundai,204,Gold
Ô tô,5,Hyundai,206,Grandeur
Ô tô,5,Hyundai,210,Grand i10
Ô tô,5,Hyundai,205,Grand Starex
Ô tô,5,Hyundai,207,H 1
Ô tô,5,Hyundai,211,i20
Ô tô,5,Hyundai,212,i30
Ô tô,5,Hyundai,213,i40
Ô tô,5,Hyundai,214,Innovation
Ô tô,5,Hyundai,1129,Ioniq 5
Ô tô,5,Hyundai,1192,Ioniq 7
Ô tô,5,Hyundai,1079,Kona
Ô tô,5,Hyundai,215,Lantra
Ô tô,5,Hyundai,216,Lavita
Ô tô,5,Hyundai,217,Libero
Ô tô,5,Hyundai,218,Maxcruz
Ô tô,5,Hyundai,219,Mighty
Ô tô,5,Hyundai,1169,Palisade
Ô tô,5,Hyundai,220,Pony
Ô tô,5,Hyundai,223,Santa Fe
Ô tô,5,Hyundai,222,S-Coupe
Ô tô,5,Hyundai,1081,Solati
Ô tô,5,Hyundai,224,Sonata
Ô tô,5,Hyundai,1066,Sota
Ô tô,5,Hyundai,225,Starex
Ô tô,5,Hyundai,1134,Stargazer
Ô tô,5,Hyundai,226,Terracan
Ô tô,5,Hyundai,227,Tiburon
Ô tô,5,Hyundai,228,Trajet
Ô tô,5,Hyundai,229,Tucson
Ô tô,5,Hyundai,230,Tuscani
Ô tô,5,Hyundai,231,Universe
Ô tô,5,Hyundai,232,Universe Xpress Luxury
Ô tô,5,Hyundai,233,Veloster
Ô tô,5,Hyundai,1191,Venue
Ô tô,5,Hyundai,234,Veracruz
Ô tô,5,Hyundai,235,Verna
Ô tô,5,Hyundai,236,Xcent
Ô tô,5,Hyundai,237,XG
Ô tô,5,Hyundai,238,Dòng khác
Ô tô,50,Lamborghini,846,Aventador
Ô tô,50,Lamborghini,847,Diablo
Ô tô,50,Lamborghini,848,Gallado
Ô tô,50,Lamborghini,1017,Huracan
Ô tô,50,Lamborghini,849,Murcielago
Ô tô,50,Lamborghini,1019,Urus
Ô tô,50,Lamborghini,850,Dòng khác
Ô tô,51,LandRover,645,Defender
Ô tô,51,LandRover,646,Discovery
Ô tô,51,LandRover,1305,Discovery Sport
Ô tô,51,LandRover,647,Freelander
Ô tô,51,LandRover,648,LR2
Ô tô,51,LandRover,649,Range Rover
Ô tô,51,LandRover,650,Range Rover Evoque
Ô tô,51,LandRover,651,Range Rover Sport
Ô tô,51,LandRover,1020,Range Rover Velar
Ô tô,51,LandRover,652,Range Rover Vogue
Ô tô,51,LandRover,653,Dòng khác
Ô tô,52,Lifan,851,520
Ô tô,52,Lifan,852,620
Ô tô,52,Lifan,1051,S5
Ô tô,52,Lifan,853,Dòng khác
Ô tô,53,Lincoln,854,Aviator
Ô tô,53,Lincoln,855,Continental
Ô tô,53,Lincoln,856,Navigator
Ô tô,53,Lincoln,857,Town car
Ô tô,53,Lincoln,858,Dòng khác
Ô tô,54,Luxgen,859,5
Ô tô,54,Luxgen,860,7 MPV
Ô tô,54,Luxgen,861,7 SUV
Ô tô,54,Luxgen,862,M7
Ô tô,54,Luxgen,863,U6
Ô tô,54,Luxgen,864,U7
Ô tô,54,Luxgen,865,Dòng khác
Ô tô,55,Man,866,CLA
Ô tô,55,Man,867,Dòng khác
Ô tô,56,Maserati,868,Ghibli
Ô tô,56,Maserati,1074,Grancabrio
Ô tô,56,Maserati,1330,GranCabrio Folgore
Ô tô,56,Maserati,869,Gransport
Ô tô,56,Maserati,1022,Granturismo
Ô tô,56,Maserati,1301,Grecale
Ô tô,56,Maserati,1329,Grecale Folgore
Ô tô,56,Maserati,1021,Levante
Ô tô,56,Maserati,870,Quatroporte
Ô tô,56,Maserati,871,Dòng khác
Ô tô,57,Maybach,872,57
Ô tô,57,Maybach,1053,62
Ô tô,57,Maybach,1073,Landaulet
Ô tô,57,Maybach,1052,S600
Ô tô,57,Maybach,873,Dòng khác
Ô tô,58,Mekong,874,Paso
Ô tô,58,Mekong,875,Premio
Ô tô,58,Mekong,876,Pronto
Ô tô,58,Mekong,877,Dòng khác
Ô tô,59,Mercury,878,Sable
Ô tô,59,Mercury,879,Topaz
Ô tô,59,Mercury,880,Villager
Ô tô,59,Mercury,881,Dòng khác
Ô tô,6,Honda,239,Accord
Ô tô,6,Honda,1085,Brio
Ô tô,6,Honda,1086,BR-V
Ô tô,6,Honda,240,City
Ô tô,6,Honda,241,Civic
Ô tô,6,Honda,1300,Civic Type R
Ô tô,6,Honda,1138,Clarity
Ô tô,6,Honda,242,Concerto
Ô tô,6,Honda,243,CR V
Ô tô,6,Honda,244,CR X
Ô tô,6,Honda,245,CR Z
Ô tô,6,Honda,246,Domani
Ô tô,6,Honda,247,Element
Ô tô,6,Honda,248,FIT
Ô tô,6,Honda,1080,HR-V
Ô tô,6,Honda,249,Insight
Ô tô,6,Honda,250,Integra
Ô tô,6,Honda,251,Jazz
Ô tô,6,Honda,252,Legend
Ô tô,6,Honda,253,Life
Ô tô,6,Honda,254,Mobilo
Ô tô,6,Honda,255,NSX
Ô tô,6,Honda,256,Odyssey
Ô tô,6,Honda,257,Passport
Ô tô,6,Honda,258,Pilot
Ô tô,6,Honda,259,Prelude
Ô tô,6,Honda,260,S2000
Ô tô,6,Honda,261,Shuttle
Ô tô,6,Honda,262,Stream
Ô tô,6,Honda,263,Torneo
Ô tô,6,Honda,264,Vigor
Ô tô,6,Honda,265,Z
Ô tô,6,Honda,266,Dòng khác
Ô tô,60,MG,882,350C
Ô tô,60,MG,1266,Cyberster
Ô tô,60,MG,885,Express
Ô tô,60,MG,1272,G50
Ô tô,60,MG,1102,HS
Ô tô,60,MG,1285,MG4
Ô tô,60,MG,1238,MG4 EV
Ô tô,60,MG,883,MG5
Ô tô,60,MG,884,MG6
Ô tô,60,MG,1224,MG7
Ô tô,60,MG,1103,MGZS
Ô tô,60,MG,1289,NewMG5
Ô tô,60,MG,1284,RX5
Ô tô,60,MG,886,ZT
Ô tô,60,MG,887,Dòng khác
Ô tô,61,Opel,888,Antara
Ô tô,61,Opel,889,Astra
Ô tô,61,Opel,890,Combo
Ô tô,61,Opel,891,Corsa
Ô tô,61,Opel,892,GT
Ô tô,61,Opel,893,Omega
Ô tô,61,Opel,894,Record
Ô tô,61,Opel,895,Tigra
Ô tô,61,Opel,896,Vectra
Ô tô,61,Opel,897,Dòng khác
Ô tô,62,Pontiac,898,Aztek
Ô tô,62,Pontiac,899,Fiero
Ô tô,62,Pontiac,900,Firebird
Ô tô,62,Pontiac,901,Solstice
Ô tô,62,Pontiac,902,Trans sport
Ô tô,62,Pontiac,903,Dòng khác
Ô tô,63,Porsche,1059,718
Ô tô,63,Porsche,654,911
Ô tô,63,Porsche,655,Boxster
Ô tô,63,Porsche,656,Carrera
Ô tô,63,Porsche,657,Cayenne
Ô tô,63,Porsche,658,Cayman
Ô tô,63,Porsche,659,Macan
Ô tô,63,Porsche,1273,Macan EV
Ô tô,63,Porsche,660,Panamera
Ô tô,63,Porsche,1100,Taycan
Ô tô,63,Porsche,661,Dòng khác
Ô tô,64,Proton,904,Arena
Ô tô,64,Proton,905,Perdana
Ô tô,64,Proton,906,Tiara
Ô tô,64,Proton,907,Wira
Ô tô,64,Proton,908,Dòng khác
Ô tô,65,Renault,662,11
Ô tô,65,Renault,663,19
Ô tô,65,Renault,664,21
Ô tô,65,Renault,665,25
Ô tô,65,Renault,666,Clio
Ô tô,65,Renault,667,Duster
Ô tô,65,Renault,668,Fluence
Ô tô,65,Renault,669,Kangoo
Ô tô,65,Renault,670,Koleos
Ô tô,65,Renault,671,Laguna
Ô tô,65,Renault,672,Latitude
Ô tô,65,Renault,673,Logan
Ô tô,65,Renault,674,Megane
Ô tô,65,Renault,675,Safrane
Ô tô,65,Renault,676,Sandero
Ô tô,65,Renault,677,Sport Spider
Ô tô,65,Renault,1069,Talisman
Ô tô,65,Renault,678,Trafic
Ô tô,65,Renault,679,Wind
Ô tô,65,Renault,680,Dòng khác
Ô tô,66,Rolls Royce,1216,Cullinan
Ô tô,66,Rolls Royce,1256,Droptail Arcadia
Ô tô,66,Rolls Royce,981,Ghost
Ô tô,66,Rolls Royce,982,Park ward
Ô tô,66,Rolls Royce,983,Phantom
Ô tô,66,Rolls Royce,1217,Spectre
Ô tô,66,Rolls Royce,984,Wraith
Ô tô,66,Rolls Royce,985,Dòng khác
Ô tô,67,Rover,909,100
Ô tô,67,Rover,910,200
Ô tô,67,Rover,911,400
Ô tô,67,Rover,912,800
Ô tô,67,Rover,913,Dòng khác
Ô tô,68,Samsung,914,QM5
Ô tô,68,Samsung,915,SM3
Ô tô,68,Samsung,916,SM5
Ô tô,68,Samsung,917,SM7
Ô tô,68,Samsung,918,Dòng khác
Ô tô,69,Scion,919,Tc
Ô tô,69,Scion,920,Xd
Ô tô,69,Scion,921,Dòng khác
Ô tô,7,Mazda,267,2
Ô tô,7,Mazda,268,3
Ô tô,7,Mazda,269,323
Ô tô,7,Mazda,270,323F
Ô tô,7,Mazda,271,5
Ô tô,7,Mazda,272,6
Ô tô,7,Mazda,273,626
Ô tô,7,Mazda,274,929
Ô tô,7,Mazda,275,Atenza
Ô tô,7,Mazda,276,AZ
Ô tô,7,Mazda,277,B series
Ô tô,7,Mazda,278,BT 50
Ô tô,7,Mazda,279,Carol
Ô tô,7,Mazda,988,CX 3
Ô tô,7,Mazda,1106,CX-30
Ô tô,7,Mazda,280,CX 5
Ô tô,7,Mazda,281,CX 7
Ô tô,7,Mazda,1088,CX 8
Ô tô,7,Mazda,1190,CX-80
Ô tô,7,Mazda,282,CX 9
Ô tô,7,Mazda,283,Eunos
Ô tô,7,Mazda,284,Millenia
Ô tô,7,Mazda,285,MPV
Ô tô,7,Mazda,286,MX 3
Ô tô,7,Mazda,287,MX 5
Ô tô,7,Mazda,288,MX 6
Ô tô,7,Mazda,289,Pickup
Ô tô,7,Mazda,290,Premacy
Ô tô,7,Mazda,291,RX 7
Ô tô,7,Mazda,292,RX 8
Ô tô,7,Mazda,293,Tribute
Ô tô,7,Mazda,294,Xedos 9
Ô tô,7,Mazda,295,Dòng khác
Ô tô,70,Ssangyong,1024,Actyon
Ô tô,70,Ssangyong,681,Chairman
Ô tô,70,Ssangyong,682,Family
Ô tô,70,Ssangyong,683,Istana
Ô tô,70,Ssangyong,684,Korando
Ô tô,70,Ssangyong,685,Kyron
Ô tô,70,Ssangyong,686,Musso
Ô tô,70,Ssangyong,687,Rexton
Ô tô,70,Ssangyong,1025,Stavic
Ô tô,70,Ssangyong,688,Tivoli
Ô tô,70,Ssangyong,1026,XLV
Ô tô,70,Ssangyong,689,Dòng khác
Ô tô,71,Subaru,1027,BRZ
Ô tô,71,Subaru,1264,Crosstrek
Ô tô,71,Subaru,922,Forester
Ô tô,71,Subaru,923,Impreza
Ô tô,71,Subaru,924,Legacy
Ô tô,71,Subaru,1028,Levord
Ô tô,71,Subaru,1068,Levorg
Ô tô,71,Subaru,925,Outback
Ô tô,71,Subaru,926,Tribeca
Ô tô,71,Subaru,1029,WRX
Ô tô,71,Subaru,927,XV
Ô tô,71,Subaru,928,Dòng khác
Ô tô,72,SYM,929,T1000
Ô tô,72,SYM,930,T880
Ô tô,72,SYM,931,V11
Ô tô,72,SYM,932,V5
Ô tô,72,SYM,933,Dòng khác
Ô tô,73,Tesla,1032,3
Ô tô,73,Tesla,934,S
Ô tô,73,Tesla,1033,X
Ô tô,73,Tesla,980,Dòng khác
Ô tô,76,Volvo,961,340
Ô tô,76,Volvo,962,360
Ô tô,76,Volvo,963,460
Ô tô,76,Volvo,964,740
Ô tô,76,Volvo,965,760
Ô tô,76,Volvo,966,850
Ô tô,76,Volvo,967,940
Ô tô,76,Volvo,968,960
Ô tô,76,Volvo,1218,C40
Ô tô,76,Volvo,969,C70
Ô tô,76,Volvo,1271,EC40
Ô tô,76,Volvo,1341,EX60
Ô tô,76,Volvo,970,S60
Ô tô,76,Volvo,1034,S90
Ô tô,76,Volvo,1114,V60 Cross Country
Ô tô,76,Volvo,971,V70
Ô tô,76,Volvo,1294,V90
Ô tô,76,Volvo,1115,V90 Cross Country
Ô tô,76,Volvo,1089,XC40
Ô tô,76,Volvo,1035,XC60
Ô tô,76,Volvo,972,XC90
Ô tô,76,Volvo,973,Dòng khác
Ô tô,77,Zotye,974,T600
Ô tô,77,Zotye,1181,T700
Ô tô,77,Zotye,1182,T800
Ô tô,77,Zotye,975,Z100
Ô tô,77,Zotye,976,Z300
Ô tô,77,Zotye,977,Z500
Ô tô,77,Zotye,978,Dòng khác
Ô tô,78,UAZ,1054,Hunter
Ô tô,78,UAZ,1056,Patriot
Ô tô,78,UAZ,1055,Pickup
Ô tô,78,UAZ,1111,Dòng khác
Ô tô,79,Brand_79,1058,Sandero
Ô tô,79,Brand_79,1076,Dòng khác
Ô tô,8,Audi,296,100
Ô tô,8,Audi,297,200
Ô tô,8,Audi,298,80
Ô tô,8,Audi,299,90
Ô tô,8,Audi,300,A1
Ô tô,8,Audi,301,A2
Ô tô,8,Audi,302,A3
Ô tô,8,Audi,303,A4
Ô tô,8,Audi,304,A5
Ô tô,8,Audi,305,A6
Ô tô,8,Audi,306,A7
Ô tô,8,Audi,307,A8
Ô tô,8,Audi,1193,A8L
Ô tô,8,Audi,1139,Allroad
Ô tô,8,Audi,308,Cabriolet
Ô tô,8,Audi,309,Coupe
Ô tô,8,Audi,1239,E-tron
Ô tô,8,Audi,1137,E-tron GT
Ô tô,8,Audi,1005,Q2
Ô tô,8,Audi,310,Q3
Ô tô,8,Audi,311,Q5
Ô tô,8,Audi,1315,Q6 e-tron
Ô tô,8,Audi,312,Q7
Ô tô,8,Audi,1132,Q8
Ô tô,8,Audi,313,Quattro
Ô tô,8,Audi,1002,R8
Ô tô,8,Audi,1003,RS
Ô tô,8,Audi,1004,S8
Ô tô,8,Audi,314,TT
Ô tô,8,Audi,315,V8
Ô tô,8,Audi,316,Dòng khác
Ô tô,80,VinFast,1346,EC 16
Ô tô,80,VinFast,1310,EC VAN
Ô tô,80,VinFast,1082,Fadil
Ô tô,80,VinFast,1281,Herio Green
Ô tô,80,VinFast,1279,Limo Green
Ô tô,80,VinFast,1130,Lux A2.0
Ô tô,80,VinFast,1131,Lux SA2.0
Ô tô,80,VinFast,1280,Minio Green
Ô tô,80,VinFast,1335,MPV 7
Ô tô,80,VinFast,1282,Nerio Green
Ô tô,80,VinFast,1032,President
Ô tô,80,VinFast,1348,VF2
Ô tô,80,VinFast,1183,VF3
Ô tô,80,VinFast,1133,VF5
Ô tô,80,VinFast,1184,VF5 Plus
Ô tô,80,VinFast,1185,VF6
Ô tô,80,VinFast,1189,VF7
Ô tô,80,VinFast,1112,VF8
Ô tô,80,VinFast,1255,VF8 Lux
Ô tô,80,VinFast,1113,VF9
Ô tô,80,VinFast,1104,VFe34
Ô tô,80,VinFast,1084,Dòng khác
Ô tô,81,RAM,1117,1500
Ô tô,81,RAM,1118,Dòng khác
Ô tô,82,HongQi,1128,E-HS9
Ô tô,82,HongQi,1125,H9
Ô tô,82,HongQi,1126,Dòng khác
Ô tô,83,Haval,1172,Dòng khác
Ô tô,83,Haval,1171,H6
Ô tô,83,Haval,1283,Jolion
Ô tô,84,Skoda,1188,Dòng khác
Ô tô,84,Skoda,1186,Karoq
Ô tô,84,Skoda,1187,Kodiaq
Ô tô,84,Skoda,1318,Kushaq
Ô tô,84,Skoda,1338,Octavia
Ô tô,84,Skoda,1339,Peaq
Ô tô,84,Skoda,1317,Slavia
Ô tô,85,Lynk&Co,1225,Dòng khác
Ô tô,85,Lynk&Co,1196,01
Ô tô,85,Lynk&Co,1343,02
Ô tô,85,Lynk&Co,1197,03
Ô tô,85,Lynk&Co,1198,05
Ô tô,85,Lynk&Co,1253,06
Ô tô,85,Lynk&Co,1327,08
Ô tô,85,Lynk&Co,1199,09
Ô tô,86,Genesis,1215,Dòng khác
Ô tô,86,Genesis,1200,Electrified GV70
Ô tô,86,Genesis,1201,G70
Ô tô,86,Genesis,1202,G80
Ô tô,86,Genesis,1203,G90
Ô tô,86,Genesis,1204,GV60
Ô tô,86,Genesis,1205,GV70
Ô tô,87,Wuling,1236,Dòng khác
Ô tô,87,Wuling,1261,Bingo
Ô tô,87,Wuling,1344,Grango
Ô tô,87,Wuling,1237,Hongguang Mini EV
Ô tô,87,Wuling,1234,Mini EV LV1
Ô tô,87,Wuling,1235,Mini EV LV2
Ô tô,87,Wuling,1328,Xingguang
Ô tô,88,GAC,1252,Dòng khác
Ô tô,88,GAC,1250,GS8
Ô tô,88,GAC,1263,M6 Pro
Ô tô,88,GAC,1251,M8
Ô tô,89,McLaren,1260,Dòng khác
Ô tô,89,McLaren,1259,750S
Ô tô,9,BMW,317,1 Series
Ô tô,9,BMW,318,2 Series
Ô tô,9,BMW,319,3 Series
Ô tô,9,BMW,994,4 Series
Ô tô,9,BMW,1322,535i
Ô tô,9,BMW,321,5 Series
Ô tô,9,BMW,322,6 Series
Ô tô,9,BMW,323,7 Series
Ô tô,9,BMW,324,8 Series
Ô tô,9,BMW,325,Alpina
Ô tô,9,BMW,326,i3
Ô tô,9,BMW,1140,i4
Ô tô,9,BMW,1195,i5
Ô tô,9,BMW,1141,i7
Ô tô,9,BMW,327,i8
Ô tô,9,BMW,1142,iX
Ô tô,9,BMW,1240,iX3
Ô tô,9,BMW,995,M2
Ô tô,9,BMW,329,M3
Ô tô,9,BMW,330,M4
Ô tô,9,BMW,331,M5
Ô tô,9,BMW,332,M6
Ô tô,9,BMW,328,M Coupe
Ô tô,9,BMW,333,X1
Ô tô,9,BMW,1119,X2
Ô tô,9,BMW,334,X3
Ô tô,9,BMW,335,X4
Ô tô,9,BMW,336,X5
Ô tô,9,BMW,337,X6
Ô tô,9,BMW,1092,X7
Ô tô,9,BMW,1311,XM
Ô tô,9,BMW,338,Z3
Ô tô,9,BMW,339,Z4
Ô tô,9,BMW,1162,Z4 Roadster
Ô tô,9,BMW,340,Z8
Ô tô,9,BMW,341,Dòng khác
Ô tô,90,Aion,1269,Dòng khác
Ô tô,90,Aion,1267,ES
Ô tô,90,Aion,1268,Y Plus
Ô tô,91,GWM,1276,Dòng khác
Ô tô,91,GWM,1275,Tank
Ô tô,92,Dongfeng,1278,Dòng khác
Ô tô,92,Dongfeng,1277,Box
Ô tô,92,Dongfeng,1334,Huge
Ô tô,92,Dongfeng,1333,Mage
Ô tô,93,Jeacoo,1355,Dòng khác
Ô tô,93,Jeacoo,1351,J5 BEV
Ô tô,93,Jeacoo,1349,J5 ICE Premium
Ô tô,93,Jeacoo,1350,J5 SHS-H
Ô tô,93,Jeacoo,1352,J7
Ô tô,93,Jeacoo,1353,J7 AWD
Ô tô,93,Jeacoo,1354,J7 PHEV
Ô tô,94,Omoda,1358,Dòng khác
Ô tô,94,Omoda,1356,C5
Ô tô,94,Omoda,1357,C5 SHS-H
